broker,account,contract,exchange,volume,price,direction,offset,date,time
9999,******,TA705,CZCE,1,5426.00,1,0,20170111,21:40:29
9999,******,i1709,DCE,49,547.50,1,0,20170111,10:42:07
9999,******,i1705,DCE,49,595.50,0,0,20170111,10:42:07
9999,******,i1709,DCE,1,547.50,1,0,20170111,10:42:07
9999,******,i1705,DCE,1,595.50,0,0,20170111,10:42:07
9999,******,OI705,CZCE,1,7090.00,0,0,20170111,09:39:22
9999,******,OI705,CZCE,9,7090.00,0,0,20170111,09:39:21
9999,******,pp1705,DCE,3,8650.00,0,0,20170111,09:06:48
9999,******,pp1705,DCE,1,8650.00,0,0,20170111,09:06:48
9999,******,TA705,CZCE,8,5406.00,1,0,20170111,21:44:19
9999,******,TA705,CZCE,2,5406.00,1,0,20170111,21:44:19
9999,******,TA705,CZCE,1,5406.00,1,0,20170111,21:44:19
9999,******,TA705,CZCE,1,5406.00,1,0,20170111,21:44:19
9999,******,TA705,CZCE,4,5406.00,1,0,20170111,21:44:19
9999,******,TA709,CZCE,16,5480.00,0,0,20170111,21:44:19
9999,******,TA709,CZCE,1,5482.00,0,0,20170111,21:44:06
9999,******,TA705,CZCE,1,5408.00,1,0,20170111,21:44:06
9999,******,TA709,CZCE,1,5482.00,0,0,20170111,21:44:06
9999,******,TA705,CZCE,1,5408.00,1,0,20170111,21:44:06
9999,******,TA709,CZCE,5,5490.00,0,0,20170111,21:43:01
9999,******,TA705,CZCE,5,5416.00,1,0,20170111,21:43:01
9999,******,TA709,CZCE,4,5488.00,0,0,20170111,21:42:58
9999,******,TA705,CZCE,4,5414.00,1,0,20170111,21:42:58
9999,******,TA705,CZCE,1,5418.00,1,0,20170111,21:41:57
9999,******,TA709,CZCE,1,5492.00,0,0,20170111,21:41:57
9999,******,TA709,CZCE,1,5494.00,0,0,20170111,21:41:30
9999,******,TA705,CZCE,1,5420.00,1,0,20170111,21:41:30
9999,******,TA709,CZCE,2,5494.00,0,0,20170111,21:41:25
9999,******,TA705,CZCE,2,5420.00,1,0,20170111,21:41:25
9999,******,TA709,CZCE,1,5502.00,0,0,20170111,21:40:58
9999,******,TA709,CZCE,25,5502.00,0,0,20170111,21:40:58
9999,******,TA709,CZCE,1,5502.00,0,0,20170111,21:40:58
9999,******,TA705,CZCE,27,5428.00,1,0,20170111,21:40:58
9999,******,TA709,CZCE,1,5502.00,0,0,20170111,21:40:58
9999,******,TA705,CZCE,1,5428.00,1,0,20170111,21:40:58
9999,******,TA709,CZCE,1,5502.00,0,0,20170111,21:40:57
9999,******,TA705,CZCE,1,5428.00,1,0,20170111,21:40:57
9999,******,TA709,CZCE,2,5502.00,0,0,20170111,21:40:57
9999,******,TA709,CZCE,1,5502.00,0,0,20170111,21:40:57
9999,******,TA709,CZCE,5,5502.00,0,0,20170111,21:40:57
9999,******,TA705,CZCE,8,5428.00,1,0,20170111,21:40:57
9999,******,TA705,CZCE,4,5426.00,1,0,20170111,21:40:37
9999,******,TA709,CZCE,4,5500.00,0,0,20170111,21:40:37
9999,******,TA709,CZCE,1,5500.00,0,0,20170111,21:40:30
9999,******,TA709,CZCE,1,5500.00,0,0,20170111,21:40:30
9999,******,TA709,CZCE,1,5500.00,0,0,20170111,21:40:30
9999,******,TA709,CZCE,5,5500.00,0,0,20170111,21:40:30
9999,******,TA705,CZCE,8,5426.00,1,0,20170111,21:40:30
9999,******,TA709,CZCE,1,5500.00,0,0,20170111,21:40:29
9999,******,TA705,CZCE,1,5426.00,1,0,20170111,21:40:29
9999,******,TA709,CZCE,4,5500.00,0,0,20170111,21:40:29
9999,******,TA709,CZCE,10,5500.00,0,0,20170111,21:40:29
9999,******,TA709,CZCE,4,5500.00,0,0,20170111,21:40:29
9999,******,TA705,CZCE,18,5426.00,1,0,20170111,21:40:29
9999,******,TA709,CZCE,1,5500.00,0,0,20170111,21:40:29
9999,******,pp1705,DCE,3,8782.00,0,0,20170112,09:08:01
9999,******,a1705,DCE,3,4102.00,1,0,20170112,14:17:40
9999,******,a1705,DCE,1,4102.00,1,0,20170112,14:17:40
9999,******,a1705,DCE,3,4102.00,1,0,20170112,14:17:40
9999,******,a1705,DCE,1,4102.00,1,0,20170112,14:17:40
9999,******,cs1705,DCE,1,1759.00,1,0,20170112,10:45:29
9999,******,cs1705,DCE,1,1759.00,1,0,20170112,10:45:29
9999,******,cs1705,DCE,1,1759.00,1,0,20170112,10:45:29
9999,******,cs1705,DCE,1,1759.00,1,0,20170112,10:45:29
9999,******,cs1705,DCE,1,1759.00,1,0,20170112,10:45:29
9999,******,cs1705,DCE,3,1759.00,1,0,20170112,10:45:29
9999,******,l1705,DCE,4,9930.00,0,0,20170112,09:14:42
9999,******,l1705,DCE,4,9930.00,0,0,20170112,09:14:42
9999,******,pp1705,DCE,1,8783.00,0,0,20170112,09:08:01
9999,******,l1705,DCE,2,10135.00,1,1,20170116,09:05:00
9999,******,ru1705,SHFE,1,21280.00,1,0,20170116,13:54:38
9999,******,ru1705,SHFE,1,21280.00,1,3,20170116,13:54:38
9999,******,ru1705,SHFE,1,21540.00,0,0,20170116,09:45:21
9999,******,ru1705,SHFE,1,21540.00,0,3,20170116,09:45:21
9999,******,l1705,DCE,4,10215.00,0,0,20170116,09:42:49
9999,******,l1705,DCE,4,10215.00,0,1,20170116,09:42:49
9999,******,hc1705,SHFE,4,3693.00,0,0,20170116,09:41:57
9999,******,hc1705,SHFE,4,3693.00,0,3,20170116,09:41:57
9999,******,rb1705,SHFE,2,3313.00,0,0,20170116,09:24:43
9999,******,rb1705,SHFE,1,3313.00,0,0,20170116,09:24:43
9999,******,rb1705,SHFE,2,3313.00,0,0,20170116,09:24:43
9999,******,rb1705,SHFE,1,3313.00,0,0,20170116,09:24:43
9999,******,rb1705,SHFE,2,3313.00,0,0,20170116,09:24:43
9999,******,pp1705,DCE,4,9040.00,0,0,20170116,09:20:44
9999,******,pp1705,DCE,4,9040.00,0,1,20170116,09:20:44
9999,******,ru1705,SHFE,1,21280.00,1,0,20170116,09:06:45
9999,******,hc1705,SHFE,4,3665.00,1,0,20170116,09:05:31
9999,******,pp1705,DCE,4,8951.00,1,0,20170116,09:05:02
9999,******,pp1705,DCE,2,8951.00,1,1,20170116,09:05:02
9999,******,pp1705,DCE,1,8953.00,1,1,20170116,09:05:01
9999,******,pp1705,DCE,1,8954.00,1,1,20170116,09:05:01
9999,******,l1705,DCE,4,10135.00,1,0,20170116,09:05:00
9999,******,l1705,DCE,2,10135.00,1,1,20170116,09:05:00
9999,******,cs1705,DCE,8,1834.00,0,1,20170117,09:30:41
9999,******,l1705,DCE,4,10125.00,1,0,20170117,14:46:25
9999,******,l1705,DCE,4,10125.00,1,1,20170117,14:46:25
9999,******,rb1705,SHFE,8,3283.00,1,0,20170117,11:23:30
9999,******,rb1705,SHFE,6,3283.00,1,4,20170117,11:23:30
9999,******,rb1705,SHFE,2,3283.00,1,4,20170117,11:23:30
9999,******,ru1705,SHFE,1,21165.00,1,0,20170117,10:04:33
9999,******,ru1705,SHFE,1,21165.00,1,3,20170117,10:04:33
9999,******,ru1705,SHFE,1,21745.00,0,0,20170117,09:53:04
9999,******,ru1705,SHFE,1,21745.00,0,4,20170117,09:53:04
9999,******,hc1705,SHFE,4,3653.00,1,0,20170117,09:42:34
9999,******,hc1705,SHFE,4,3654.00,1,4,20170117,09:42:34
9999,******,cs1705,DCE,8,1834.00,0,0,20170117,09:30:41
9999,******,pp1705,DCE,4,8907.00,1,1,20170119,09:15:40
9999,******,pp1705,DCE,4,8907.00,1,0,20170119,09:15:40
9999,******,l1705,DCE,4,10325.00,0,1,20170120,13:47:12
9999,******,l1705,DCE,4,10325.00,0,0,20170120,13:47:12
9999,******,l1705,DCE,1,10290.00,1,1,20170123,09:05:00
9999,******,ru1705,SHFE,1,19855.00,1,0,20170123,14:14:54
9999,******,ru1705,SHFE,1,19855.00,1,3,20170123,14:14:54
9999,******,l1705,DCE,4,10330.00,0,0,20170123,09:26:07
9999,******,l1705,DCE,4,10330.00,0,1,20170123,09:26:07
9999,******,pp1705,DCE,3,9154.00,0,0,20170123,09:21:55
9999,******,pp1705,DCE,1,9154.00,0,0,20170123,09:21:55
9999,******,pp1705,DCE,1,9154.00,0,1,20170123,09:21:55
9999,******,pp1705,DCE,3,9154.00,0,1,20170123,09:21:55
9999,******,rb1705,SHFE,1,3168.00,0,0,20170123,09:19:54
9999,******,rb1705,SHFE,1,3168.00,0,0,20170123,09:19:54
9999,******,rb1705,SHFE,2,3168.00,0,0,20170123,09:19:54
9999,******,rb1705,SHFE,1,3168.00,0,0,20170123,09:19:54
9999,******,rb1705,SHFE,1,3168.00,0,0,20170123,09:19:54
9999,******,rb1705,SHFE,2,3168.00,0,0,20170123,09:19:54
9999,******,rb1705,SHFE,8,3167.00,0,4,20170123,09:19:54
9999,******,hc1705,SHFE,4,3457.00,0,0,20170123,09:12:50
9999,******,hc1705,SHFE,4,3457.00,0,4,20170123,09:12:50
9999,******,ru1705,SHFE,1,19995.00,0,0,20170123,09:12:08
9999,******,ru1705,SHFE,1,19995.00,0,4,20170123,09:12:08
9999,******,l1705,DCE,4,10290.00,1,0,20170123,09:05:00
9999,******,l1705,DCE,3,10290.00,1,1,20170123,09:05:00
9999,******,l1705,DCE,1,10265.00,1,1,20170124,09:31:58
9999,******,pp1705,DCE,3,9071.00,1,0,20170124,14:18:03
9999,******,pp1705,DCE,1,9071.00,1,0,20170124,14:18:03
9999,******,pp1705,DCE,2,9071.00,1,1,20170124,14:18:03
9999,******,pp1705,DCE,2,9071.00,1,1,20170124,14:18:03
9999,******,ru1705,SHFE,1,20220.00,0,0,20170124,10:08:53
9999,******,ru1705,SHFE,1,20225.00,0,4,20170124,10:08:53
9999,******,l1705,DCE,4,10265.00,1,0,20170124,09:31:58
9999,******,l1705,DCE,3,10265.00,1,1,20170124,09:31:58
9999,******,pp1705,DCE,4,9258.00,0,1,20170125,09:44:36
9999,******,pp1705,DCE,4,9258.00,0,0,20170125,09:44:36
9999,******,l1705,DCE,1,10445.00,0,1,20170126,09:09:54
9999,******,l1705,DCE,4,10445.00,0,0,20170126,09:09:54
9999,******,l1705,DCE,1,10445.00,0,1,20170126,09:09:54
9999,******,l1705,DCE,1,10445.00,0,1,20170126,09:09:54
9999,******,l1705,DCE,1,10445.00,0,1,20170126,09:09:54
9999,******,pp1705,DCE,1,9316.00,1,1,20170203,09:10:22
9999,******,l1705,DCE,1,10175.00,1,0,20170203,11:00:02
9999,******,l1705,DCE,1,10175.00,1,0,20170203,11:00:02
9999,******,l1705,DCE,1,10175.00,1,0,20170203,11:00:02
9999,******,l1705,DCE,1,10175.00,1,0,20170203,11:00:02
9999,******,l1705,DCE,4,10175.00,1,1,20170203,11:00:02
9999,******,l1705,DCE,4,10270.00,1,0,20170203,10:56:09
9999,******,l1705,DCE,4,10270.00,1,1,20170203,10:56:09
9999,******,l1705,DCE,4,10375.00,0,0,20170203,09:31:22
9999,******,l1705,DCE,4,10375.00,0,1,20170203,09:31:22
9999,******,a1705,DCE,8,4308.00,0,0,20170203,09:22:08
9999,******,a1705,DCE,8,4308.00,0,1,20170203,09:22:08
9999,******,ru1705,SHFE,1,20775.00,1,0,20170203,09:10:52
9999,******,ru1705,SHFE,1,20775.00,1,4,20170203,09:10:51
9999,******,l1705,DCE,4,10290.00,1,0,20170203,09:10:41
9999,******,l1705,DCE,1,10290.00,1,1,20170203,09:10:41
9999,******,l1705,DCE,1,10290.00,1,1,20170203,09:10:41
9999,******,l1705,DCE,1,10290.00,1,1,20170203,09:10:41
9999,******,l1705,DCE,1,10290.00,1,1,20170203,09:10:41
9999,******,pp1705,DCE,1,9315.00,1,0,20170203,09:10:22
9999,******,pp1705,DCE,1,9315.00,1,0,20170203,09:10:22
9999,******,pp1705,DCE,2,9315.00,1,0,20170203,09:10:22
9999,******,pp1705,DCE,3,9315.00,1,1,20170203,09:10:22
9999,******,ru1705,SHFE,1,20205.00,0,4,20170206,09:05:03
9999,******,ru1705,SHFE,1,20005.00,1,0,20170206,14:12:28
9999,******,ru1705,SHFE,1,20005.00,1,3,20170206,14:12:28
9999,******,l1705,DCE,2,10255.00,0,0,20170206,09:19:50
9999,******,l1705,DCE,1,10255.00,0,0,20170206,09:19:50
9999,******,l1705,DCE,1,10255.00,0,0,20170206,09:19:50
9999,******,l1705,DCE,4,10255.00,0,1,20170206,09:19:50
9999,******,pp1705,DCE,4,9262.00,0,0,20170206,09:19:12
9999,******,pp1705,DCE,4,9262.00,0,1,20170206,09:19:12
9999,******,ru1705,SHFE,1,20205.00,0,0,20170206,09:05:03
9999,******,l1705,DCE,4,10475.00,0,1,20170207,09:05:49
9999,******,ru1705,SHFE,1,20370.00,0,0,20170207,13:41:48
9999,******,ru1705,SHFE,1,20360.00,0,4,20170207,13:41:48
9999,******,l1705,DCE,4,10475.00,0,0,20170207,09:05:49
9999,******,c1709,DCE,10,1678.00,0,0,20170208,09:23:22
9999,******,c1709,DCE,100,1676.00,0,0,20170208,14:10:55
9999,******,c1705,DCE,100,1602.00,1,0,20170208,14:10:55
9999,******,l1705,DCE,1,10180.00,1,0,20170208,13:53:12
9999,******,l1705,DCE,3,10180.00,1,0,20170208,13:53:12
9999,******,l1705,DCE,2,10180.00,1,1,20170208,13:53:12
9999,******,l1705,DCE,2,10180.00,1,1,20170208,13:53:12
9999,******,pp1705,DCE,4,9188.00,1,0,20170208,11:29:57
9999,******,pp1705,DCE,2,9188.00,1,1,20170208,11:29:57
9999,******,pp1705,DCE,1,9188.00,1,1,20170208,11:29:57
9999,******,pp1705,DCE,1,9188.00,1,1,20170208,11:29:57
9999,******,pp1705,DCE,3,9200.00,1,0,20170208,11:29:56
9999,******,pp1705,DCE,1,9200.00,1,0,20170208,11:29:56
9999,******,pp1705,DCE,1,9200.00,1,1,20170208,11:29:56
9999,******,pp1705,DCE,1,9200.00,1,1,20170208,11:29:56
9999,******,pp1705,DCE,1,9200.00,1,1,20170208,11:29:56
9999,******,pp1705,DCE,1,9200.00,1,1,20170208,11:29:56
9999,******,l1705,DCE,1,10210.00,1,0,20170208,11:05:42
9999,******,l1705,DCE,1,10210.00,1,0,20170208,11:05:42
9999,******,l1705,DCE,1,10210.00,1,0,20170208,11:05:42
9999,******,l1705,DCE,1,10210.00,1,0,20170208,11:05:42
9999,******,l1705,DCE,4,10210.00,1,1,20170208,11:05:42
9999,******,c1709,DCE,10,1676.00,0,0,20170208,10:01:47
9999,******,c1709,DCE,10,1677.00,0,0,20170208,09:38:33
9999,******,RM705,CZCE,4,2495.00,0,0,20170209,09:00:00
9999,******,m1705,DCE,4,2976.00,0,0,20170209,09:00:01
9999,******,rb1705,SHFE,4,3274.00,0,0,20170210,13:36:37
9999,******,hc1705,SHFE,2,3574.00,0,0,20170210,13:38:54
9999,******,hc1705,SHFE,1,3574.00,0,0,20170210,13:38:54
9999,******,hc1705,SHFE,1,3574.00,0,0,20170210,13:38:54
9999,******,FG705,CZCE,4,1378.00,0,0,20170213,09:00:00
9999,******,IC1702,CFFEX,2,6324.00,0,0,20170213,10:41:36
9999,******,IC1702,CFFEX,1,6293.60,1,0,20170213,09:41:52
9999,******,l1705,DCE,4,10500.00,0,0,20170213,09:30:01
9999,******,l1705,DCE,4,10500.00,0,1,20170213,09:30:01
9999,******,l1705,DCE,3,10445.00,0,0,20170213,09:15:10
9999,******,l1705,DCE,1,10445.00,0,0,20170213,09:15:10
9999,******,l1705,DCE,1,10445.00,0,1,20170213,09:15:10
9999,******,l1705,DCE,1,10445.00,0,1,20170213,09:15:10
9999,******,l1705,DCE,1,10445.00,0,1,20170213,09:15:10
9999,******,l1705,DCE,1,10445.00,0,1,20170213,09:15:10
9999,******,pp1705,DCE,4,9445.00,0,0,20170213,09:15:06
9999,******,pp1705,DCE,4,9445.00,0,1,20170213,09:15:06
9999,******,pp1705,DCE,4,9444.00,0,0,20170213,09:15:06
9999,******,pp1705,DCE,4,9444.00,0,1,20170213,09:15:06
9999,******,pp1705,DCE,4,9320.00,1,1,20170215,10:44:53
9999,******,l1705,DCE,1,10165.00,1,0,20170215,14:59:45
9999,******,l1705,DCE,3,10165.00,1,0,20170215,14:59:45
9999,******,l1705,DCE,2,10165.00,1,1,20170215,14:59:45
9999,******,l1705,DCE,2,10165.00,1,1,20170215,14:59:45
9999,******,IC1702,CFFEX,1,6285.00,1,1,20170215,14:49:11
9999,******,l1705,DCE,4,10355.00,1,0,20170215,11:16:39
9999,******,l1705,DCE,4,10355.00,1,1,20170215,11:16:39
9999,******,pp1705,DCE,4,9320.00,1,0,20170215,10:44:53
9999,******,IC1702,CFFEX,1,6289.60,0,1,20170216,09:29:00
9999,******,ru1705,SHFE,1,21405.00,1,0,20170216,14:13:41
9999,******,ru1705,SHFE,1,21405.00,1,4,20170216,14:13:41
9999,******,pp1705,DCE,4,9160.00,1,0,20170216,09:37:44
9999,******,pp1705,DCE,2,9160.00,1,1,20170216,09:37:44
9999,******,pp1705,DCE,2,9160.00,1,1,20170216,09:37:44
9999,******,IC1702,CFFEX,1,6289.60,1,1,20170216,09:29:00
9999,******,cs1705,DCE,8,1797.00,1,1,20170217,10:03:04
9999,******,cs1705,DCE,1,1797.00,1,0,20170217,10:03:04
9999,******,cs1705,DCE,5,1797.00,1,0,20170217,10:03:04
9999,******,cs1705,DCE,2,1797.00,1,0,20170217,10:03:04
9999,******,rb1705,SHFE,8,3468.00,1,4,20170220,09:05:02
9999,******,hc1705,SHFE,4,3713.00,1,0,20170220,11:22:46
9999,******,hc1705,SHFE,4,3713.00,1,3,20170220,11:22:45
9999,******,IC1703,CFFEX,1,6234.80,0,0,20170220,09:38:03
9999,******,IC1703,CFFEX,1,6234.80,0,0,20170220,09:38:03
9999,******,IC1703,CFFEX,1,6218.40,1,0,20170220,09:36:40
9999,******,ru1705,SHFE,1,20180.00,0,0,20170220,09:15:05
9999,******,ru1705,SHFE,1,20180.00,0,4,20170220,09:15:05
9999,******,hc1705,SHFE,4,3768.00,0,0,20170220,09:13:12
9999,******,hc1705,SHFE,1,3768.00,0,3,20170220,09:13:12
9999,******,hc1705,SHFE,1,3768.00,0,3,20170220,09:13:12
9999,******,hc1705,SHFE,2,3768.00,0,3,20170220,09:13:12
9999,******,rb1705,SHFE,8,3518.00,0,0,20170220,09:13:10
9999,******,rb1705,SHFE,8,3518.00,0,3,20170220,09:13:10
9999,******,pp1705,DCE,3,8978.00,0,0,20170220,09:07:47
9999,******,pp1705,DCE,1,8975.00,0,0,20170220,09:07:47
9999,******,pp1705,DCE,4,8975.00,0,1,20170220,09:07:47
9999,******,l1705,DCE,4,9935.00,0,0,20170220,09:07:20
9999,******,l1705,DCE,1,9935.00,0,1,20170220,09:07:20
9999,******,l1705,DCE,1,9935.00,0,1,20170220,09:07:20
9999,******,l1705,DCE,2,9935.00,0,1,20170220,09:07:20
9999,******,hc1705,SHFE,4,3715.00,1,0,20170220,09:05:05
9999,******,hc1705,SHFE,1,3716.00,1,4,20170220,09:05:05
9999,******,hc1705,SHFE,3,3716.00,1,4,20170220,09:05:05
9999,******,rb1705,SHFE,1,3468.00,1,0,20170220,09:05:02
9999,******,rb1705,SHFE,1,3468.00,1,0,20170220,09:05:02
9999,******,rb1705,SHFE,1,3468.00,1,0,20170220,09:05:02
9999,******,rb1705,SHFE,5,3468.00,1,0,20170220,09:05:02
9999,******,hc1705,SHFE,4,3818.00,0,4,20170221,09:05:06
9999,******,l1705,DCE,4,9880.00,1,0,20170221,11:09:05
9999,******,l1705,DCE,4,9880.00,1,1,20170221,11:09:05
9999,******,pp1705,DCE,4,8891.00,1,0,20170221,11:08:03
9999,******,pp1705,DCE,4,8891.00,1,1,20170221,11:08:03
9999,******,hc1705,SHFE,4,3818.00,0,0,20170221,09:05:06
9999,******,hc1705,SHFE,1,3702.00,1,4,20170222,09:05:00
9999,******,ru1705,SHFE,1,19755.00,1,0,20170222,13:38:32
9999,******,ru1705,SHFE,1,19755.00,1,4,20170222,13:38:32
9999,******,RM705,CZCE,4,2413.00,1,0,20170222,11:29:57
9999,******,RM705,CZCE,4,2414.00,1,1,20170222,11:29:57
9999,******,hc1705,SHFE,3,3676.00,1,0,20170222,11:03:06
9999,******,hc1705,SHFE,1,3677.00,1,0,20170222,11:03:06
9999,******,hc1705,SHFE,1,3677.00,1,4,20170222,11:03:06
9999,******,hc1705,SHFE,1,3677.00,1,4,20170222,11:03:06
9999,******,hc1705,SHFE,1,3677.00,1,4,20170222,11:03:06
9999,******,hc1705,SHFE,1,3677.00,1,4,20170222,11:03:06
9999,******,a1705,DCE,1,4200.00,1,0,20170222,10:49:59
9999,******,a1705,DCE,1,4200.00,1,0,20170222,10:49:59
9999,******,a1705,DCE,1,4200.00,1,0,20170222,10:49:59
9999,******,a1705,DCE,1,4200.00,1,0,20170222,10:49:59
9999,******,a1705,DCE,1,4200.00,1,0,20170222,10:49:59
9999,******,a1705,DCE,1,4200.00,1,0,20170222,10:49:59
9999,******,a1705,DCE,1,4200.00,1,0,20170222,10:49:59
9999,******,a1705,DCE,1,4200.00,1,0,20170222,10:49:59
9999,******,a1705,DCE,1,4200.00,1,1,20170222,10:49:59
9999,******,a1705,DCE,1,4200.00,1,1,20170222,10:49:59
9999,******,a1705,DCE,5,4200.00,1,1,20170222,10:49:59
9999,******,a1705,DCE,1,4200.00,1,1,20170222,10:49:59
9999,******,hc1705,SHFE,4,3701.00,1,0,20170222,09:05:00
9999,******,hc1705,SHFE,1,3702.00,1,4,20170222,09:05:00
9999,******,hc1705,SHFE,1,3702.00,1,4,20170222,09:05:00
9999,******,hc1705,SHFE,1,3702.00,1,4,20170222,09:05:00
9999,******,rb1705,SHFE,2,3482.00,1,0,20170223,13:47:27
9999,******,m1705,DCE,4,2894.00,1,0,20170223,14:16:07
9999,******,m1705,DCE,4,2894.00,1,1,20170223,14:16:07
9999,******,rb1705,SHFE,3,3461.00,1,0,20170223,14:00:37
9999,******,rb1705,SHFE,1,3461.00,1,0,20170223,14:00:37
9999,******,rb1705,SHFE,1,3461.00,1,4,20170223,14:00:37
9999,******,rb1705,SHFE,1,3461.00,1,4,20170223,14:00:37
9999,******,rb1705,SHFE,1,3461.00,1,4,20170223,14:00:37
9999,******,rb1705,SHFE,1,3461.00,1,4,20170223,14:00:37
9999,******,rb1705,SHFE,1,3462.00,1,0,20170223,14:00:35
9999,******,rb1705,SHFE,1,3462.00,1,0,20170223,14:00:35
9999,******,rb1705,SHFE,6,3462.00,1,0,20170223,14:00:35
9999,******,rb1705,SHFE,8,3462.00,1,4,20170223,14:00:35
9999,******,rb1705,SHFE,2,3482.00,1,0,20170223,13:47:27
9999,******,cs1705,DCE,1,1874.00,0,1,20170224,09:33:18
9999,******,rb1705,SHFE,4,3467.00,0,0,20170224,14:21:15
9999,******,rb1705,SHFE,4,3467.00,0,4,20170224,14:21:15
9999,******,cs1705,DCE,8,1874.00,0,0,20170224,09:33:18
9999,******,cs1705,DCE,3,1874.00,0,1,20170224,09:33:18
9999,******,cs1705,DCE,1,1874.00,0,1,20170224,09:33:18
9999,******,cs1705,DCE,1,1874.00,0,1,20170224,09:33:18
9999,******,cs1705,DCE,2,1874.00,0,1,20170224,09:33:18
9999,******,rb1705,SHFE,5,3587.00,0,4,20170227,09:05:00
9999,******,pp1705,DCE,4,8691.00,1,0,20170227,13:59:51
9999,******,pp1705,DCE,4,8691.00,1,1,20170227,13:59:51
9999,******,l1705,DCE,4,9700.00,1,0,20170227,13:40:04
9999,******,l1705,DCE,4,9700.00,1,1,20170227,13:40:04
9999,******,l1705,DCE,4,9775.00,0,0,20170227,10:41:45
9999,******,l1705,DCE,3,9775.00,0,1,20170227,10:41:45
9999,******,l1705,DCE,1,9775.00,0,1,20170227,10:41:45
9999,******,l1705,DCE,3,9710.00,1,0,20170227,10:07:56
9999,******,l1705,DCE,1,9710.00,1,0,20170227,10:07:56
9999,******,l1705,DCE,4,9710.00,1,1,20170227,10:07:56
9999,******,ru1705,SHFE,1,18790.00,1,0,20170227,10:05:33
9999,******,ru1705,SHFE,1,18790.00,1,3,20170227,10:05:33
9999,******,rb1705,SHFE,4,3620.00,0,0,20170227,09:56:48
9999,******,rb1705,SHFE,4,3620.00,0,4,20170227,09:56:48
9999,******,IC1703,CFFEX,1,6400.20,1,1,20170227,09:35:00
9999,******,IC1703,CFFEX,1,6400.60,1,1,20170227,09:35:00
9999,******,l1705,DCE,4,9750.00,0,0,20170227,09:09:02
9999,******,l1705,DCE,4,9750.00,0,1,20170227,09:09:02
9999,******,pp1705,DCE,1,8746.00,0,0,20170227,09:08:56
9999,******,pp1705,DCE,1,8746.00,0,0,20170227,09:08:56
9999,******,pp1705,DCE,2,8746.00,0,0,20170227,09:08:56
9999,******,pp1705,DCE,4,8746.00,0,1,20170227,09:08:56
9999,******,ru1705,SHFE,1,18875.00,0,0,20170227,09:05:46
9999,******,ru1705,SHFE,1,18875.00,0,4,20170227,09:05:46
9999,******,hc1705,SHFE,1,3685.00,0,0,20170227,09:05:33
9999,******,hc1705,SHFE,3,3685.00,0,0,20170227,09:05:33
9999,******,hc1705,SHFE,4,3685.00,0,4,20170227,09:05:33
9999,******,rb1705,SHFE,8,3587.00,0,0,20170227,09:05:00
9999,******,rb1705,SHFE,3,3587.00,0,4,20170227,09:05:00
9999,******,rb1705,SHFE,4,3568.00,1,4,20170228,10:45:06
9999,******,rb1705,SHFE,4,3511.00,1,0,20170228,14:45:57
9999,******,rb1705,SHFE,3,3511.00,1,4,20170228,14:45:57
9999,******,rb1705,SHFE,1,3511.00,1,4,20170228,14:45:57
9999,******,hc1705,SHFE,4,3656.00,1,0,20170228,10:47:03
9999,******,hc1705,SHFE,4,3657.00,1,4,20170228,10:47:03
9999,******,rb1705,SHFE,1,3567.00,1,0,20170228,10:45:06
9999,******,rb1705,SHFE,1,3567.00,1,0,20170228,10:45:06
9999,******,rb1705,SHFE,6,3567.00,1,0,20170228,10:45:06
9999,******,rb1705,SHFE,1,3568.00,1,4,20170228,10:45:06
9999,******,rb1705,SHFE,3,3568.00,1,4,20170228,10:45:06
9999,******,jm1705,DCE,2,1292.00,0,0,20170301,09:58:37
9999,******,rb1705,SHFE,1,3572.00,0,0,20170301,13:30:01
9999,******,rb1705,SHFE,2,3572.00,0,0,20170301,13:30:01
9999,******,rb1705,SHFE,1,3572.00,0,0,20170301,13:30:01
9999,******,rb1705,SHFE,4,3574.00,0,4,20170301,13:30:01
9999,******,ru1705,SHFE,1,19030.00,0,0,20170301,13:30:01
9999,******,ru1705,SHFE,1,19030.00,0,4,20170301,13:30:01
9999,******,IC1703,CFFEX,1,6409.80,0,0,20170301,10:38:31
9999,******,IC1703,CFFEX,1,6409.80,0,1,20170301,10:38:31
9999,******,j1705,DCE,1,1777.50,0,0,20170301,09:59:01
9999,******,j1705,DCE,1,1777.50,0,0,20170301,09:59:01
9999,******,jm1705,DCE,2,1292.00,0,0,20170301,09:58:37
9999,******,pp1705,DCE,2,8490.00,1,0,20170302,13:45:00
9999,******,hc1705,SHFE,3,3463.00,1,0,20170303,09:00:01
9999,******,rb1705,SHFE,4,3448.00,1,0,20170303,09:05:00
9999,******,rb1705,SHFE,4,3448.00,1,4,20170303,09:05:00
9999,******,l1705,DCE,4,9700.00,0,1,20170306,09:05:00
9999,******,i1705,DCE,4,666.00,1,0,20170306,13:36:44
9999,******,rb1705,SHFE,4,3490.00,1,0,20170306,10:38:55
9999,******,rb1705,SHFE,4,3490.00,1,4,20170306,10:38:55
9999,******,pp1705,DCE,1,8736.00,0,0,20170306,10:30:08
9999,******,pp1705,DCE,2,8736.00,0,0,20170306,10:30:08
9999,******,pp1705,DCE,1,8736.00,0,0,20170306,10:30:08
9999,******,pp1705,DCE,1,8735.00,0,1,20170306,10:30:08
9999,******,pp1705,DCE,3,8735.00,0,1,20170306,10:30:08
9999,******,pp1705,DCE,4,8734.00,0,0,20170306,10:30:08
9999,******,pp1705,DCE,4,8734.00,0,1,20170306,10:30:08
9999,******,l1705,DCE,4,9745.00,0,0,20170306,09:55:01
9999,******,l1705,DCE,4,9745.00,0,1,20170306,09:55:01
9999,******,CF705,CZCE,2,16185.00,0,0,20170306,09:23:13
9999,******,ru1705,SHFE,1,19060.00,1,0,20170306,09:16:24
9999,******,ru1705,SHFE,1,19060.00,1,4,20170306,09:16:24
9999,******,rb1705,SHFE,8,3516.00,1,0,20170306,09:14:57
9999,******,rb1705,SHFE,8,3516.00,1,3,20170306,09:14:57
9999,******,hc1705,SHFE,2,3515.00,1,0,20170306,09:12:55
9999,******,hc1705,SHFE,2,3515.00,1,0,20170306,09:12:55
9999,******,hc1705,SHFE,4,3515.00,1,3,20170306,09:12:55
9999,******,hc1705,SHFE,4,3539.00,0,0,20170306,09:05:30
9999,******,hc1705,SHFE,2,3539.00,0,4,20170306,09:05:30
9999,******,hc1705,SHFE,2,3539.00,0,4,20170306,09:05:30
9999,******,rb1705,SHFE,8,3547.00,0,0,20170306,09:05:22
9999,******,rb1705,SHFE,8,3547.00,0,4,20170306,09:05:22
9999,******,l1705,DCE,1,9700.00,0,0,20170306,09:05:00
9999,******,l1705,DCE,1,9700.00,0,0,20170306,09:05:00
9999,******,l1705,DCE,2,9700.00,0,0,20170306,09:05:00
9999,******,l1705,DCE,4,9665.00,1,1,20170307,09:56:16
9999,******,pp1705,DCE,4,8620.00,1,0,20170307,11:19:59
9999,******,pp1705,DCE,4,8620.00,1,1,20170307,11:19:59
9999,******,OI705,CZCE,1,6756.00,1,1,20170307,11:10:54
9999,******,OI705,CZCE,9,6756.00,1,1,20170307,11:10:54
9999,******,l1705,DCE,4,9665.00,1,0,20170307,09:56:16
9999,******,l1705,DCE,1,9500.00,1,0,20170308,09:00:00
9999,******,FG705,CZCE,1,1272.00,1,0,20170308,13:59:34
9999,******,FG705,CZCE,3,1272.00,1,0,20170308,13:59:34
9999,******,FG705,CZCE,1,1272.00,1,1,20170308,13:59:34
9999,******,FG705,CZCE,3,1272.00,1,1,20170308,13:59:34
9999,******,rb1705,SHFE,4,3431.00,1,0,20170308,09:44:13
9999,******,rb1705,SHFE,4,3431.00,1,3,20170308,09:44:13
9999,******,rb1705,SHFE,4,3492.00,0,0,20170308,09:12:54
9999,******,rb1705,SHFE,4,3492.00,0,4,20170308,09:12:54
9999,******,pp1705,DCE,4,8480.00,1,0,20170308,09:05:00
9999,******,l1705,DCE,4,9505.00,1,0,20170308,09:05:00
9999,******,pp1705,DCE,4,8480.00,1,1,20170308,09:05:00
9999,******,l1705,DCE,4,9505.00,1,1,20170308,09:05:00
9999,******,l1705,DCE,1,9500.00,1,0,20170308,09:00:00
9999,******,rb1705,SHFE,1,3371.00,1,0,20170309,09:15:05
9999,******,IC1703,CFFEX,1,6404.00,1,0,20170309,09:45:58
9999,******,IC1703,CFFEX,1,6404.20,1,1,20170309,09:45:58
9999,******,rb1705,SHFE,1,3371.00,1,0,20170309,09:15:05
9999,******,rb1705,SHFE,1,3371.00,1,0,20170309,09:15:05
9999,******,CF705,CZCE,2,15435.00,1,1,20170310,09:54:30
9999,******,CF705,CZCE,2,15435.00,1,0,20170310,09:54:30
9999,******,rb1705,SHFE,1,3407.00,0,4,20170313,09:00:06
9999,******,rb1705,SHFE,4,3506.00,0,0,20170313,13:31:12
9999,******,rb1705,SHFE,4,3506.00,0,4,20170313,13:31:12
9999,******,hc1705,SHFE,4,3487.00,0,0,20170313,11:21:24
9999,******,hc1705,SHFE,1,3487.00,0,4,20170313,11:21:24
9999,******,hc1705,SHFE,1,3486.00,0,4,20170313,11:21:24
9999,******,hc1705,SHFE,1,3486.00,0,4,20170313,11:21:24
9999,******,hc1705,SHFE,1,3486.00,0,4,20170313,11:21:24
9999,******,l1705,DCE,4,9130.00,0,0,20170313,10:30:19
9999,******,l1705,DCE,4,9130.00,0,1,20170313,10:30:19
9999,******,IC1703,CFFEX,1,6407.60,0,0,20170313,10:05:07
9999,******,IC1703,CFFEX,1,6407.40,0,1,20170313,10:05:06
9999,******,ru1705,SHFE,1,17490.00,0,0,20170313,09:27:16
9999,******,ru1705,SHFE,1,17490.00,0,4,20170313,09:27:16
9999,******,pp1705,DCE,4,8095.00,0,0,20170313,09:05:14
9999,******,pp1705,DCE,4,8095.00,0,1,20170313,09:05:14
9999,******,rb1705,SHFE,1,3464.00,0,0,20170313,09:05:01
9999,******,rb1705,SHFE,7,3464.00,0,0,20170313,09:05:01
9999,******,rb1705,SHFE,2,3464.00,0,4,20170313,09:05:01
9999,******,rb1705,SHFE,5,3464.00,0,4,20170313,09:05:01
9999,******,rb1705,SHFE,1,3464.00,0,4,20170313,09:05:01
9999,******,hc1705,SHFE,4,3468.00,0,0,20170313,09:05:00
9999,******,hc1705,SHFE,4,3468.00,0,4,20170313,09:05:00
9999,******,rb1705,SHFE,4,3407.00,0,0,20170313,09:00:06
9999,******,rb1705,SHFE,2,3407.00,0,4,20170313,09:00:06
9999,******,rb1705,SHFE,1,3407.00,0,4,20170313,09:00:06
9999,******,i1705,DCE,50,694.50,1,1,20170314,23:10:38
9999,******,i1709,DCE,50,608.00,0,1,20170314,23:10:38
9999,******,i1705,DCE,20,694.00,0,0,20170315,22:23:52
9999,******,IC1703,CFFEX,1,6474.00,1,1,20170315,14:50:00
9999,******,TA709,CZCE,16,5248.00,1,1,20170315,14:19:13
9999,******,TA709,CZCE,1,5248.00,1,1,20170315,14:19:13
9999,******,TA709,CZCE,1,5248.00,1,1,20170315,14:19:13
9999,******,TA709,CZCE,4,5248.00,1,1,20170315,14:19:13
9999,******,TA709,CZCE,1,5248.00,1,1,20170315,14:19:13
9999,******,TA709,CZCE,1,5248.00,1,1,20170315,14:19:13
9999,******,TA709,CZCE,1,5248.00,1,1,20170315,14:19:13
9999,******,TA705,CZCE,8,5088.00,0,1,20170315,14:19:13
9999,******,TA705,CZCE,2,5088.00,0,1,20170315,14:19:13
9999,******,TA705,CZCE,1,5088.00,0,1,20170315,14:19:13
9999,******,TA705,CZCE,1,5088.00,0,1,20170315,14:19:13
9999,******,TA705,CZCE,4,5088.00,0,1,20170315,14:19:13
9999,******,TA705,CZCE,1,5088.00,0,1,20170315,14:19:13
9999,******,TA705,CZCE,1,5088.00,0,1,20170315,14:19:13
9999,******,TA705,CZCE,5,5088.00,0,1,20170315,14:19:13
9999,******,TA705,CZCE,2,5088.00,0,1,20170315,14:19:13
9999,******,TA709,CZCE,1,5248.00,1,1,20170315,14:19:12
9999,******,TA705,CZCE,1,5088.00,0,1,20170315,14:19:12
9999,******,TA709,CZCE,1,5248.00,1,1,20170315,14:19:12
9999,******,TA705,CZCE,1,5088.00,0,1,20170315,14:19:12
9999,******,TA705,CZCE,1,5090.00,0,1,20170315,14:19:11
9999,******,TA709,CZCE,1,5250.00,1,1,20170315,14:19:11
9999,******,TA705,CZCE,1,5090.00,0,1,20170315,14:19:07
9999,******,TA705,CZCE,2,5090.00,0,1,20170315,14:19:07
9999,******,TA705,CZCE,8,5090.00,0,1,20170315,14:19:07
9999,******,TA705,CZCE,4,5090.00,0,1,20170315,14:19:07
9999,******,TA705,CZCE,4,5090.00,0,1,20170315,14:19:07
9999,******,TA705,CZCE,11,5090.00,0,1,20170315,14:19:07
9999,******,TA705,CZCE,1,5090.00,0,1,20170315,14:19:07
9999,******,TA705,CZCE,1,5090.00,0,1,20170315,14:19:07
9999,******,TA705,CZCE,1,5090.00,0,1,20170315,14:19:07
9999,******,TA709,CZCE,1,5250.00,1,1,20170315,14:19:07
9999,******,TA709,CZCE,2,5250.00,1,1,20170315,14:19:07
9999,******,TA709,CZCE,1,5250.00,1,1,20170315,14:19:07
9999,******,TA709,CZCE,25,5250.00,1,1,20170315,14:19:07
9999,******,TA709,CZCE,1,5250.00,1,1,20170315,14:19:07
9999,******,TA709,CZCE,1,5250.00,1,1,20170315,14:19:07
9999,******,TA709,CZCE,1,5250.00,1,1,20170315,14:19:07
9999,******,TA709,CZCE,1,5250.00,1,1,20170315,14:19:07
9999,******,TA709,CZCE,1,5248.00,1,1,20170315,14:19:07
9999,******,TA709,CZCE,1,5248.00,1,1,20170315,14:19:07
9999,******,TA705,CZCE,2,5088.00,0,1,20170315,14:19:07
9999,******,TA705,CZCE,1,5090.00,0,1,20170315,14:19:05
9999,******,TA709,CZCE,1,5250.00,1,1,20170315,14:19:05
9999,******,TA705,CZCE,1,5090.00,0,1,20170315,14:19:02
9999,******,TA709,CZCE,1,5250.00,1,1,20170315,14:19:02
9999,******,TA705,CZCE,3,5090.00,0,1,20170315,14:19:02
9999,******,TA705,CZCE,2,5090.00,0,1,20170315,14:19:02
9999,******,TA709,CZCE,3,5250.00,1,1,20170315,14:19:02
9999,******,TA709,CZCE,2,5250.00,1,1,20170315,14:19:02
9999,******,TA705,CZCE,2,5092.00,0,1,20170315,14:18:59
9999,******,TA709,CZCE,2,5252.00,1,1,20170315,14:18:59
9999,******,TA705,CZCE,5,5092.00,0,1,20170315,14:18:54
9999,******,TA709,CZCE,1,5252.00,1,1,20170315,14:18:54
9999,******,TA709,CZCE,1,5252.00,1,1,20170315,14:18:54
9999,******,TA709,CZCE,1,5252.00,1,1,20170315,14:18:54
9999,******,TA709,CZCE,2,5252.00,1,1,20170315,14:18:54
9999,******,TA705,CZCE,1,5092.00,0,1,20170315,14:18:44
9999,******,TA709,CZCE,1,5252.00,1,1,20170315,14:18:44
9999,******,TA705,CZCE,2,5092.00,0,1,20170315,14:18:44
9999,******,TA705,CZCE,1,5092.00,0,1,20170315,14:18:44
9999,******,TA705,CZCE,7,5092.00,0,1,20170315,14:18:44
9999,******,TA709,CZCE,2,5252.00,1,1,20170315,14:18:44
9999,******,TA709,CZCE,1,5252.00,1,1,20170315,14:18:44
9999,******,TA709,CZCE,4,5252.00,1,1,20170315,14:18:44
9999,******,TA709,CZCE,3,5252.00,1,1,20170315,14:18:44
9999,******,TA705,CZCE,10,5092.00,0,1,20170315,14:18:43
9999,******,TA709,CZCE,7,5252.00,1,1,20170315,14:18:43
9999,******,TA709,CZCE,3,5252.00,1,1,20170315,14:18:43
9999,******,TA705,CZCE,1,5092.00,0,1,20170315,14:18:40
9999,******,TA705,CZCE,1,5092.00,0,1,20170315,14:18:40
9999,******,TA709,CZCE,1,5252.00,1,1,20170315,14:18:40
9999,******,TA709,CZCE,1,5252.00,1,1,20170315,14:18:40
9999,******,rb1710,SHFE,5,3428.00,1,0,20170315,09:27:06
9999,******,rb1705,SHFE,5,3646.00,0,0,20170315,09:27:06
9999,******,rb1710,SHFE,5,3427.00,1,0,20170315,09:27:03
9999,******,rb1705,SHFE,5,3647.00,0,0,20170315,09:27:03
9999,******,rb1710,SHFE,4,3425.00,1,0,20170315,09:26:52
9999,******,rb1710,SHFE,1,3425.00,1,0,20170315,09:26:52
9999,******,rb1705,SHFE,5,3646.00,0,0,20170315,09:26:52
9999,******,rb1710,SHFE,5,3425.00,1,0,20170315,09:26:48
9999,******,rb1705,SHFE,5,3646.00,0,0,20170315,09:26:48
9999,******,rb1705,SHFE,1,3645.00,0,0,20170315,09:26:44
9999,******,rb1705,SHFE,1,3645.00,0,0,20170315,09:26:44
9999,******,rb1705,SHFE,1,3645.00,0,0,20170315,09:26:44
9999,******,rb1710,SHFE,5,3426.00,1,0,20170315,09:26:43
9999,******,rb1705,SHFE,1,3645.00,0,0,20170315,09:26:43
9999,******,rb1705,SHFE,1,3645.00,0,0,20170315,09:26:43
9999,******,rb1710,SHFE,5,3425.00,1,0,20170315,09:26:40
9999,******,rb1705,SHFE,5,3645.00,0,0,20170315,09:26:40
9999,******,rb1705,SHFE,3,3646.00,0,0,20170315,09:26:10
9999,******,rb1705,SHFE,5,3646.00,0,0,20170315,09:26:09
9999,******,rb1705,SHFE,2,3646.00,0,0,20170315,09:26:09
9999,******,rb1710,SHFE,10,3423.00,1,0,20170315,09:25:09
9999,******,rb1710,SHFE,4,3423.00,1,0,20170315,09:25:04
9999,******,rb1710,SHFE,6,3424.00,1,0,20170315,09:25:04
9999,******,rb1705,SHFE,10,3645.00,0,0,20170315,09:25:04
9999,******,pp1705,DCE,2,8318.00,0,0,20170315,09:07:15
9999,******,pp1705,DCE,1,8318.00,0,0,20170315,09:07:15
9999,******,pp1705,DCE,1,8318.00,0,0,20170315,09:07:15
9999,******,pp1705,DCE,1,8318.00,0,1,20170315,09:07:15
9999,******,pp1705,DCE,1,8318.00,0,1,20170315,09:07:15
9999,******,pp1705,DCE,2,8318.00,0,1,20170315,09:07:15
9999,******,l1705,DCE,4,9325.00,0,0,20170315,09:05:00
9999,******,l1705,DCE,3,9325.00,0,1,20170315,09:05:00
9999,******,l1705,DCE,1,9325.00,0,1,20170315,09:05:00
9999,******,rb1705,SHFE,3,3648.00,0,0,20170315,09:03:58
9999,******,rb1705,SHFE,1,3647.00,0,4,20170315,09:03:58
9999,******,rb1705,SHFE,1,3647.00,0,4,20170315,09:03:58
9999,******,rb1705,SHFE,1,3647.00,0,4,20170315,09:03:58
9999,******,i1705,DCE,30,694.00,0,0,20170315,22:23:53
9999,******,i1709,DCE,30,622.50,1,0,20170315,22:23:53
9999,******,i1709,DCE,20,622.50,1,0,20170315,22:23:52
9999,******,i1705,DCE,4,733.00,0,1,20170316,09:00:22
9999,******,rb1705,SHFE,3,3587.00,1,0,20170316,10:13:58
9999,******,rb1705,SHFE,1,3587.00,1,0,20170316,10:13:58
9999,******,rb1705,SHFE,4,3587.00,1,4,20170316,10:13:58
9999,******,IC1704,CFFEX,1,6427.60,0,0,20170316,09:35:00
9999,******,i1705,DCE,4,733.00,0,0,20170316,09:00:22
9999,******,i1709,DCE,30,636.50,0,1,20170317,09:42:26
9999,******,i1705,DCE,19,714.50,1,1,20170317,09:42:26
9999,******,i1709,DCE,1,636.50,0,1,20170317,09:42:26
9999,******,i1709,DCE,10,636.50,0,1,20170317,09:42:26
9999,******,i1709,DCE,8,636.50,0,1,20170317,09:42:26
9999,******,i1705,DCE,1,714.50,1,1,20170317,09:42:26
9999,******,i1709,DCE,1,636.50,0,1,20170317,09:42:26
9999,******,i1705,DCE,30,714.50,1,1,20170317,09:42:26
9999,******,l1705,DCE,4,9370.00,1,1,20170320,09:05:00
9999,******,IC1704,CFFEX,1,6433.80,0,0,20170320,14:57:48
9999,******,IC1704,CFFEX,1,6433.40,0,0,20170320,14:57:48
9999,******,l1705,DCE,4,9410.00,0,0,20170320,14:56:05
9999,******,l1705,DCE,4,9415.00,0,1,20170320,14:56:05
9999,******,hc1705,SHFE,4,3526.00,1,0,20170320,14:30:01
9999,******,hc1705,SHFE,4,3526.00,1,4,20170320,14:30:01
9999,******,rb1705,SHFE,4,3566.00,1,0,20170320,14:29:59
9999,******,rb1705,SHFE,4,3566.00,1,4,20170320,14:29:59
9999,******,rb1705,SHFE,8,3591.00,1,0,20170320,13:55:57
9999,******,rb1705,SHFE,8,3591.00,1,4,20170320,13:55:57
9999,******,rb1705,SHFE,2,3591.00,1,0,20170320,13:55:57
9999,******,rb1705,SHFE,2,3591.00,1,3,20170320,13:55:57
9999,******,hc1705,SHFE,4,3560.00,1,0,20170320,13:52:03
9999,******,hc1705,SHFE,4,3560.00,1,4,20170320,13:52:03
9999,******,ru1705,SHFE,1,17975.00,1,0,20170320,13:45:21
9999,******,ru1705,SHFE,1,17975.00,1,4,20170320,13:45:21
9999,******,IC1704,CFFEX,1,6400.80,1,0,20170320,11:15:14
9999,******,IC1704,CFFEX,1,6400.80,1,0,20170320,11:15:14
9999,******,IC1704,CFFEX,1,6429.00,0,0,20170320,10:24:12
9999,******,IC1704,CFFEX,1,6428.80,0,0,20170320,10:24:12
9999,******,IC1704,CFFEX,1,6410.00,1,0,20170320,09:35:56
9999,******,IC1704,CFFEX,1,6410.00,1,1,20170320,09:35:56
9999,******,rb1705,SHFE,2,3627.00,0,0,20170320,09:13:39
9999,******,pp1705,DCE,4,8317.00,1,0,20170320,09:05:00
9999,******,pp1705,DCE,4,8317.00,1,1,20170320,09:05:00
9999,******,l1705,DCE,4,9370.00,1,0,20170320,09:05:00
9999,******,y1709,DCE,10,6492.00,1,0,20170321,13:54:24
9999,******,m1709,DCE,7,2877.00,0,0,20170321,13:54:24
9999,******,m1709,DCE,1,2877.00,0,0,20170321,13:54:24
9999,******,m1709,DCE,8,2877.00,0,0,20170321,13:54:24
9999,******,m1709,DCE,1,2877.00,0,0,20170321,13:54:24
9999,******,m1709,DCE,1,2877.00,0,0,20170321,13:54:24
9999,******,m1709,DCE,1,2877.00,0,0,20170321,13:54:24
9999,******,m1709,DCE,1,2877.00,0,0,20170321,13:54:24
9999,******,pp1705,DCE,4,8127.00,1,1,20170322,09:05:00
9999,******,bu1706,SHFE,4,2602.00,1,0,20170322,13:58:55
9999,******,IC1704,CFFEX,2,6383.60,1,1,20170322,10:59:58
9999,******,cs1709,DCE,15,2100.00,0,0,20170322,10:41:10
9999,******,SR709,CZCE,1,6737.00,1,0,20170322,10:39:48
9999,******,SR709,CZCE,2,6737.00,1,0,20170322,10:39:48
9999,******,SR709,CZCE,1,6737.00,1,0,20170322,10:39:48
9999,******,SR709,CZCE,1,6737.00,1,0,20170322,10:39:48
9999,******,SR709,CZCE,5,6737.00,1,1,20170322,10:39:31
9999,******,SR709,CZCE,5,6737.00,0,0,20170322,10:38:55
9999,******,SR709,CZCE,4,6736.00,1,0,20170322,10:34:46
9999,******,SR709,CZCE,1,6736.00,1,0,20170322,10:34:46
9999,******,cs1709,DCE,15,2097.00,0,0,20170322,10:34:47
9999,******,l1705,DCE,1,9280.00,1,0,20170322,09:05:01
9999,******,l1705,DCE,3,9280.00,1,0,20170322,09:05:01
9999,******,l1705,DCE,4,9280.00,1,1,20170322,09:05:01
9999,******,l1705,DCE,4,9285.00,1,0,20170322,09:05:00
9999,******,l1705,DCE,4,9285.00,1,1,20170322,09:05:00
9999,******,pp1705,DCE,4,8127.00,1,0,20170322,09:05:00
9999,******,IC1704,CFFEX,1,6448.80,0,1,20170323,09:35:16
9999,******,IC1704,CFFEX,1,6448.80,0,1,20170323,09:35:17
9999,******,cs1705,DCE,8,1913.00,1,1,20170324,14:50:00
9999,******,ru1705,SHFE,1,16470.00,0,4,20170324,14:50:00
9999,******,rb1705,SHFE,4,3415.00,0,4,20170324,14:50:00
9999,******,rb1705,SHFE,4,3415.00,0,4,20170324,14:50:00
9999,******,rb1705,SHFE,8,3415.00,0,4,20170324,14:50:00
9999,******,rb1705,SHFE,2,3415.00,0,4,20170324,14:50:00
9999,******,rb1705,SHFE,2,3412.00,1,4,20170324,14:50:00
9999,******,rb1705,SHFE,1,3412.00,1,4,20170324,14:50:00
9999,******,RM705,CZCE,4,2329.00,0,1,20170324,14:50:01
9999,******,i1705,DCE,4,666.50,1,1,20170324,14:50:00
9999,******,m1705,DCE,4,2802.00,0,1,20170324,14:50:00
9999,******,i1709,DCE,4,554.00,1,0,20170327,09:00:00
9999,******,rb1710,SHFE,3,3062.00,0,0,20170327,14:53:04
9999,******,rb1710,SHFE,1,3062.00,0,0,20170327,14:53:04
9999,******,rb1710,SHFE,4,3062.00,0,3,20170327,14:53:04
9999,******,jm1705,DCE,1,1243.00,1,0,20170327,13:34:59
9999,******,jm1705,DCE,1,1243.00,1,0,20170327,13:34:59
9999,******,jm1705,DCE,1,1243.00,1,0,20170327,13:34:59
9999,******,jm1705,DCE,1,1243.50,1,0,20170327,13:34:59
9999,******,jm1705,DCE,1,1243.00,1,1,20170327,13:34:59
9999,******,jm1705,DCE,1,1243.00,1,1,20170327,13:34:59
9999,******,jm1705,DCE,2,1243.00,1,1,20170327,13:34:59
9999,******,c1709,DCE,9,1701.00,0,0,20170327,09:55:59
9999,******,c1709,DCE,1,1701.00,0,0,20170327,09:55:58
9999,******,c1709,DCE,5,1701.00,0,0,20170327,09:55:57
9999,******,c1709,DCE,10,1701.00,0,0,20170327,09:55:56
9999,******,c1709,DCE,5,1701.00,0,0,20170327,09:55:55
9999,******,IC1704,CFFEX,1,6516.40,1,1,20170327,09:41:15
9999,******,IC1704,CFFEX,1,6516.40,1,1,20170327,09:41:15
9999,******,rb1710,SHFE,4,3018.00,1,0,20170327,09:41:13
9999,******,rb1710,SHFE,1,3018.00,1,3,20170327,09:41:13
9999,******,rb1710,SHFE,3,3018.00,1,3,20170327,09:41:13
9999,******,rb1710,SHFE,3,3031.00,1,0,20170327,09:29:54
9999,******,rb1710,SHFE,1,3031.00,1,0,20170327,09:29:54
9999,******,rb1710,SHFE,6,3031.00,1,0,20170327,09:29:54
9999,******,l1705,DCE,1,9180.00,1,0,20170327,09:12:14
9999,******,l1705,DCE,3,9180.00,1,0,20170327,09:12:14
9999,******,l1705,DCE,3,9180.00,1,1,20170327,09:12:14
9999,******,l1705,DCE,1,9180.00,1,1,20170327,09:12:14
9999,******,pp1705,DCE,1,8021.00,1,0,20170327,09:11:40
9999,******,pp1705,DCE,2,8021.00,1,0,20170327,09:11:40
9999,******,pp1705,DCE,1,8021.00,1,0,20170327,09:11:40
9999,******,pp1705,DCE,4,8021.00,1,1,20170327,09:11:40
9999,******,ru1709,SHFE,1,16430.00,1,0,20170327,09:10:02
9999,******,pp1705,DCE,4,8078.00,0,0,20170327,09:05:55
9999,******,pp1705,DCE,1,8075.00,0,1,20170327,09:05:55
9999,******,pp1705,DCE,3,8075.00,0,1,20170327,09:05:55
9999,******,l1705,DCE,1,9240.00,0,0,20170327,09:05:26
9999,******,l1705,DCE,3,9240.00,0,0,20170327,09:05:26
9999,******,l1705,DCE,4,9240.00,0,1,20170327,09:05:26
9999,******,cs1709,DCE,8,2135.00,0,0,20170327,09:05:20
9999,******,rb1710,SHFE,4,3058.00,1,0,20170327,09:05:00
9999,******,rb1710,SHFE,3,3063.00,0,0,20170327,09:00:11
9999,******,rb1710,SHFE,1,3063.00,0,0,20170327,09:00:11
9999,******,c1709,DCE,8,1715.00,0,0,20170327,09:00:02
9999,******,RM709,CZCE,4,2329.00,1,0,20170327,09:00:01
9999,******,rb1710,SHFE,3,3054.00,1,0,20170327,09:00:01
9999,******,m1709,DCE,4,2801.00,1,0,20170327,09:00:01
9999,******,ru1709,SHFE,1,16540.00,0,4,20170328,09:44:46
9999,******,c1709,DCE,100,1713.00,1,1,20170328,13:41:10
9999,******,c1705,DCE,24,1638.00,0,1,20170328,13:41:10
9999,******,c1705,DCE,5,1638.00,0,1,20170328,13:41:10
9999,******,c1705,DCE,10,1638.00,0,1,20170328,13:41:10
9999,******,c1705,DCE,61,1638.00,0,1,20170328,13:41:10
9999,******,rb1710,SHFE,10,3089.00,0,0,20170328,09:49:47
9999,******,rb1710,SHFE,10,3089.00,0,4,20170328,09:49:47
9999,******,hc1705,SHFE,4,3270.00,0,0,20170328,09:46:29
9999,******,hc1705,SHFE,4,3270.00,0,4,20170328,09:46:29
9999,******,ru1709,SHFE,1,16540.00,0,0,20170328,09:44:46
9999,******,l1705,DCE,4,9305.00,0,1,20170329,09:05:00
9999,******,rb1710,SHFE,1,3116.00,1,0,20170329,10:47:43
9999,******,rb1710,SHFE,3,3116.00,1,0,20170329,10:47:43
9999,******,rb1710,SHFE,1,3116.00,1,4,20170329,10:47:43
9999,******,rb1710,SHFE,1,3116.00,1,4,20170329,10:47:43
9999,******,rb1710,SHFE,2,3116.00,1,4,20170329,10:47:43
9999,******,pp1705,DCE,4,8120.00,0,0,20170329,09:05:00
9999,******,pp1705,DCE,4,8120.00,0,1,20170329,09:05:00
9999,******,l1705,DCE,4,9305.00,0,0,20170329,09:05:00
9999,******,y1709,DCE,10,6162.00,1,0,20170330,10:11:27
9999,******,RM709,CZCE,1,2334.00,0,0,20170330,10:11:29
9999,******,RM709,CZCE,20,2334.00,0,0,20170330,10:11:29
9999,******,RM709,CZCE,1,2334.00,0,0,20170330,10:11:29
9999,******,RM709,CZCE,1,2334.00,0,0,20170330,10:11:29
9999,******,RM709,CZCE,1,2334.00,0,0,20170330,10:11:29
9999,******,RM709,CZCE,1,2334.00,0,0,20170330,10:11:29
9999,******,hc1705,SHFE,4,3333.00,0,4,20170331,09:11:32
9999,******,hc1705,SHFE,2,3278.00,1,3,20170331,14:46:10
9999,******,hc1705,SHFE,1,3278.00,1,3,20170331,14:46:10
9999,******,hc1705,SHFE,1,3278.00,1,3,20170331,14:46:10
9999,******,hc1705,SHFE,1,3278.00,1,4,20170331,14:46:05
9999,******,hc1705,SHFE,1,3279.00,1,4,20170331,14:46:05
9999,******,hc1705,SHFE,1,3279.00,1,4,20170331,14:46:05
9999,******,hc1705,SHFE,1,3279.00,1,4,20170331,14:46:05
9999,******,hc1705,SHFE,3,3280.00,0,4,20170331,14:46:00
9999,******,i1709,DCE,4,541.50,0,0,20170331,14:42:53
9999,******,i1801,DCE,4,495.00,1,0,20170331,14:42:53
9999,******,i1709,DCE,1,541.50,0,0,20170331,14:42:53
9999,******,i1801,DCE,1,495.00,1,0,20170331,14:42:53
9999,******,i1709,DCE,5,541.50,0,0,20170331,14:42:53
9999,******,i1801,DCE,5,495.00,1,0,20170331,14:42:53
9999,******,i1709,DCE,5,541.50,0,0,20170331,14:42:53
9999,******,i1801,DCE,5,495.00,1,0,20170331,14:42:53
9999,******,hc1705,SHFE,4,3333.00,0,0,20170331,09:11:32
9999,******,rb1710,SHFE,1,3231.00,0,4,20170405,09:00:04
9999,******,hc1710,SHFE,4,3175.00,1,0,20170405,14:29:54
9999,******,hc1710,SHFE,4,3175.00,1,3,20170405,14:29:54
9999,******,pp1705,DCE,4,8326.00,0,0,20170405,14:04:53
9999,******,pp1705,DCE,1,8326.00,0,1,20170405,14:04:53
9999,******,pp1705,DCE,3,8326.00,0,1,20170405,14:04:53
9999,******,l1705,DCE,1,9380.00,0,0,20170405,11:29:49
9999,******,l1705,DCE,3,9375.00,0,0,20170405,11:29:49
9999,******,l1705,DCE,4,9375.00,0,1,20170405,11:29:49
9999,******,FG705,CZCE,1,1326.00,0,0,20170405,09:44:11
9999,******,FG705,CZCE,1,1326.00,0,0,20170405,09:44:11
9999,******,FG705,CZCE,1,1326.00,0,0,20170405,09:44:11
9999,******,FG705,CZCE,1,1326.00,0,0,20170405,09:44:11
9999,******,FG705,CZCE,1,1326.00,0,1,20170405,09:44:11
9999,******,FG705,CZCE,3,1326.00,0,1,20170405,09:44:11
9999,******,IC1704,CFFEX,1,6458.80,0,0,20170405,09:37:18
9999,******,IC1704,CFFEX,1,6458.60,0,1,20170405,09:37:18
9999,******,hc1710,SHFE,4,3240.00,0,0,20170405,09:16:56
9999,******,hc1710,SHFE,4,3235.00,0,0,20170405,09:16:08
9999,******,rb1710,SHFE,1,3230.00,0,0,20170405,09:12:46
9999,******,rb1710,SHFE,1,3230.00,0,0,20170405,09:12:46
9999,******,rb1710,SHFE,1,3230.00,0,0,20170405,09:12:46
9999,******,rb1710,SHFE,1,3229.00,0,0,20170405,09:12:46
9999,******,rb1710,SHFE,4,3230.00,0,4,20170405,09:12:46
9999,******,rb1710,SHFE,4,3224.00,0,0,20170405,09:12:13
9999,******,rb1710,SHFE,4,3224.00,0,3,20170405,09:12:13
9999,******,l1705,DCE,4,9220.00,0,0,20170405,09:10:02
9999,******,l1705,DCE,4,9220.00,0,1,20170405,09:10:02
9999,******,l1705,DCE,4,9160.00,1,0,20170405,09:07:30
9999,******,l1705,DCE,3,9160.00,1,1,20170405,09:07:30
9999,******,l1705,DCE,1,9160.00,1,1,20170405,09:07:30
9999,******,rb1710,SHFE,3,3178.00,1,0,20170405,09:01:33
9999,******,rb1710,SHFE,1,3178.00,1,0,20170405,09:01:33
9999,******,rb1710,SHFE,1,3178.00,1,3,20170405,09:01:33
9999,******,rb1710,SHFE,3,3178.00,1,3,20170405,09:01:33
9999,******,jm1705,DCE,1,1343.00,0,0,20170405,09:01:05
9999,******,jm1705,DCE,1,1343.00,0,0,20170405,09:01:05
9999,******,jm1705,DCE,2,1342.50,0,0,20170405,09:01:05
9999,******,jm1705,DCE,4,1342.50,0,1,20170405,09:01:05
9999,******,rb1710,SHFE,1,3233.00,0,0,20170405,09:00:04
9999,******,rb1710,SHFE,2,3233.00,0,0,20170405,09:00:04
9999,******,rb1710,SHFE,1,3233.00,0,0,20170405,09:00:04
9999,******,rb1710,SHFE,2,3231.00,0,4,20170405,09:00:04
9999,******,rb1710,SHFE,1,3231.00,0,4,20170405,09:00:04
9999,******,hc1710,SHFE,2,3153.00,1,4,20170406,09:06:13
9999,******,rb1710,SHFE,2,3158.00,1,0,20170406,14:55:46
9999,******,rb1710,SHFE,1,3158.00,1,0,20170406,14:55:46
9999,******,rb1710,SHFE,1,3158.00,1,0,20170406,14:55:46
9999,******,rb1710,SHFE,1,3158.00,1,4,20170406,14:55:46
9999,******,rb1710,SHFE,1,3158.00,1,4,20170406,14:55:46
9999,******,rb1710,SHFE,1,3158.00,1,4,20170406,14:55:46
9999,******,rb1710,SHFE,1,3158.00,1,4,20170406,14:55:46
9999,******,rb1710,SHFE,6,3176.00,1,0,20170406,10:09:58
9999,******,rb1710,SHFE,4,3176.00,1,0,20170406,10:09:58
9999,******,rb1710,SHFE,10,3176.00,1,4,20170406,10:09:58
9999,******,cs1709,DCE,2,2023.00,1,0,20170406,09:30:01
9999,******,cs1709,DCE,6,2023.00,1,0,20170406,09:30:01
9999,******,cs1709,DCE,3,2023.00,1,1,20170406,09:30:01
9999,******,cs1709,DCE,2,2023.00,1,1,20170406,09:30:01
9999,******,cs1709,DCE,3,2023.00,1,1,20170406,09:30:01
9999,******,hc1710,SHFE,2,3152.00,1,0,20170406,09:06:13
9999,******,hc1710,SHFE,1,3153.00,1,0,20170406,09:06:13
9999,******,hc1710,SHFE,1,3153.00,1,0,20170406,09:06:13
9999,******,hc1710,SHFE,1,3153.00,1,4,20170406,09:06:13
9999,******,hc1710,SHFE,1,3153.00,1,4,20170406,09:06:13
9999,******,rb1710,SHFE,4,3058.00,1,4,20170407,09:05:00
9999,******,hc1710,SHFE,3,3037.00,1,0,20170407,14:50:18
9999,******,jm1705,DCE,4,1325.50,1,1,20170407,14:50:02
9999,******,j1705,DCE,2,1963.00,1,1,20170407,14:50:00
9999,******,a1705,DCE,8,3708.00,0,1,20170407,14:50:00
9999,******,i1709,DCE,15,522.50,0,0,20170407,14:44:26
9999,******,i1801,DCE,15,480.00,1,0,20170407,14:44:26
9999,******,CF709,CZCE,2,15460.00,1,0,20170407,14:38:53
9999,******,CF705,CZCE,2,14950.00,0,1,20170407,14:38:53
9999,******,ru1709,SHFE,1,15830.00,1,0,20170407,11:28:46
9999,******,ru1709,SHFE,1,15835.00,1,4,20170407,11:28:46
9999,******,rb1705,SHFE,22,3336.00,1,4,20170407,11:01:27
9999,******,rb1705,SHFE,3,3336.00,1,4,20170407,11:01:27
9999,******,rb1705,SHFE,2,3336.00,1,4,20170407,11:01:27
9999,******,rb1710,SHFE,4,3055.00,0,4,20170407,11:01:27
9999,******,rb1710,SHFE,8,3055.00,0,4,20170407,11:01:27
9999,******,rb1710,SHFE,9,3055.00,0,4,20170407,11:01:27
9999,******,rb1710,SHFE,21,3055.00,0,4,20170407,11:01:27
9999,******,rb1710,SHFE,4,3055.00,0,3,20170407,11:01:27
9999,******,rb1705,SHFE,1,3336.00,1,4,20170407,11:01:27
9999,******,rb1705,SHFE,4,3336.00,1,4,20170407,11:01:27
9999,******,rb1705,SHFE,12,3338.00,1,4,20170407,11:01:27
9999,******,rb1705,SHFE,6,3338.00,1,4,20170407,11:01:27
9999,******,l1705,DCE,2,9530.00,0,0,20170407,09:35:03
9999,******,l1705,DCE,2,9530.00,0,1,20170407,09:35:03
9999,******,rb1710,SHFE,4,3058.00,1,0,20170407,09:05:00
9999,******,l1705,DCE,3,9495.00,1,1,20170410,09:05:00
9999,******,pp1705,DCE,4,8051.00,1,0,20170410,14:36:39
9999,******,pp1705,DCE,2,8051.00,1,1,20170410,14:36:39
9999,******,pp1705,DCE,2,8051.00,1,1,20170410,14:36:39
9999,******,IC1704,CFFEX,1,6538.00,1,0,20170410,14:08:57
9999,******,IC1704,CFFEX,1,6538.00,1,0,20170410,14:08:57
9999,******,hc1710,SHFE,4,3092.00,0,0,20170410,13:42:56
9999,******,hc1710,SHFE,1,3090.00,0,4,20170410,13:42:56
9999,******,hc1710,SHFE,1,3090.00,0,4,20170410,13:42:56
9999,******,hc1710,SHFE,1,3090.00,0,4,20170410,13:42:56
9999,******,hc1710,SHFE,1,3090.00,0,4,20170410,13:42:56
9999,******,IC1704,CFFEX,1,6558.00,0,0,20170410,10:18:36
9999,******,IC1704,CFFEX,1,6557.80,0,0,20170410,10:18:36
9999,******,IC1704,CFFEX,1,6538.60,1,0,20170410,10:00:05
9999,******,IC1704,CFFEX,1,6538.80,1,0,20170410,10:00:05
9999,******,IC1704,CFFEX,1,6555.40,0,0,20170410,09:49:42
9999,******,IC1704,CFFEX,1,6555.40,0,0,20170410,09:49:42
9999,******,IC1704,CFFEX,1,6549.20,1,0,20170410,09:35:02
9999,******,IC1704,CFFEX,1,6549.40,1,1,20170410,09:35:01
9999,******,pp1705,DCE,4,8229.00,1,0,20170410,09:05:00
9999,******,pp1705,DCE,1,8229.00,1,1,20170410,09:05:00
9999,******,pp1705,DCE,3,8229.00,1,1,20170410,09:05:00
9999,******,l1705,DCE,1,9495.00,1,0,20170410,09:05:00
9999,******,l1705,DCE,2,9495.00,1,0,20170410,09:05:00
9999,******,l1705,DCE,1,9495.00,1,0,20170410,09:05:00
9999,******,l1705,DCE,1,9495.00,1,1,20170410,09:05:00
9999,******,hc1710,SHFE,4,3047.00,1,4,20170411,09:06:26
9999,******,IC1704,CFFEX,1,6606.00,0,1,20170411,14:48:48
9999,******,IC1704,CFFEX,1,6606.00,0,1,20170411,14:48:48
9999,******,l1705,DCE,2,9315.00,1,0,20170411,13:58:12
9999,******,l1705,DCE,1,9315.00,1,0,20170411,13:58:12
9999,******,l1705,DCE,1,9315.00,1,0,20170411,13:58:12
9999,******,l1705,DCE,1,9315.00,1,1,20170411,13:58:12
9999,******,l1705,DCE,1,9315.00,1,1,20170411,13:58:12
9999,******,l1705,DCE,1,9315.00,1,1,20170411,13:58:12
9999,******,l1705,DCE,1,9315.00,1,1,20170411,13:58:12
9999,******,IC1704,CFFEX,1,6536.60,1,1,20170411,11:22:20
9999,******,IC1704,CFFEX,1,6536.60,1,1,20170411,11:22:20
9999,******,c1709,DCE,8,1653.00,1,0,20170411,10:47:19
9999,******,c1709,DCE,8,1653.00,1,1,20170411,10:47:19
9999,******,IC1704,CFFEX,2,6572.60,0,1,20170411,09:35:01
9999,******,hc1710,SHFE,2,3046.00,1,0,20170411,09:06:27
9999,******,hc1710,SHFE,2,3046.00,1,0,20170411,09:06:27
9999,******,i1709,DCE,2,506.50,1,0,20170412,14:57:14
9999,******,i1705,DCE,42,547.50,0,0,20170412,14:57:17
9999,******,i1709,DCE,42,506.50,1,0,20170412,14:57:17
9999,******,i1705,DCE,2,547.50,0,0,20170412,14:57:15
9999,******,i1709,DCE,2,506.50,1,0,20170412,14:57:15
9999,******,i1705,DCE,3,547.50,0,0,20170412,14:57:15
9999,******,i1709,DCE,2,506.50,1,0,20170412,14:57:15
9999,******,i1709,DCE,1,506.50,1,0,20170412,14:57:15
9999,******,i1705,DCE,3,547.50,0,0,20170412,14:57:14
9999,******,i1709,DCE,1,506.50,1,0,20170412,14:57:14
9999,******,RM709,CZCE,4,2378.00,0,1,20170413,09:00:06
9999,******,m1709,DCE,3,2826.00,0,0,20170413,13:31:11
9999,******,m1709,DCE,1,2826.00,0,0,20170413,13:31:11
9999,******,m1709,DCE,4,2826.00,0,1,20170413,13:31:11
9999,******,RM709,CZCE,4,2378.00,0,0,20170413,09:00:06
9999,******,a1709,DCE,8,3882.00,0,0,20170414,09:00:05
9999,******,IC1704,CFFEX,1,6509.20,1,1,20170414,14:47:03
9999,******,IC1704,CFFEX,1,6509.60,1,1,20170414,14:47:03
9999,******,pp1705,DCE,1,7922.00,0,1,20170414,14:46:10
9999,******,pp1705,DCE,3,7922.00,0,1,20170414,14:46:10
9999,******,l1705,DCE,1,9085.00,0,1,20170414,14:46:10
9999,******,l1705,DCE,3,9080.00,0,1,20170414,14:46:10
9999,******,pp1705,DCE,1,7929.00,0,1,20170414,14:46:05
9999,******,pp1705,DCE,1,7926.00,0,1,20170414,14:46:05
9999,******,pp1705,DCE,1,7926.00,0,1,20170414,14:46:05
9999,******,pp1705,DCE,1,7926.00,0,1,20170414,14:46:05
9999,******,l1705,DCE,4,9085.00,0,1,20170414,14:46:05
9999,******,FG705,CZCE,1,1273.00,1,1,20170414,14:46:03
9999,******,FG705,CZCE,1,1273.00,1,1,20170414,14:46:03
9999,******,FG705,CZCE,1,1273.00,1,1,20170414,14:46:03
9999,******,FG705,CZCE,1,1273.00,1,1,20170414,14:46:03
9999,******,pp1705,DCE,1,7923.00,0,1,20170414,14:46:00
9999,******,pp1705,DCE,1,7922.00,0,1,20170414,14:46:00
9999,******,l1705,DCE,1,9090.00,0,1,20170414,14:46:00
9999,******,l1705,DCE,1,9085.00,0,1,20170414,14:46:00
9999,******,j1709,DCE,1,1601.00,1,0,20170414,13:30:01
9999,******,j1709,DCE,1,1601.00,1,0,20170414,13:30:01
9999,******,l1705,DCE,1,9020.00,1,0,20170414,10:09:55
9999,******,l1705,DCE,1,9020.00,1,0,20170414,10:09:55
9999,******,l1705,DCE,1,9020.00,1,1,20170414,10:09:55
9999,******,l1705,DCE,1,9020.00,1,1,20170414,10:09:55
9999,******,jm1709,DCE,4,1121.00,1,0,20170414,09:49:47
9999,******,l1709,DCE,2,8885.00,0,0,20170417,09:06:01
9999,******,l1709,DCE,4,8785.00,1,0,20170417,14:35:05
9999,******,pp1709,DCE,2,7712.00,1,0,20170417,10:59:37
9999,******,pp1709,DCE,1,7739.00,1,0,20170417,10:50:09
9999,******,pp1709,DCE,2,7739.00,1,0,20170417,10:50:09
9999,******,pp1709,DCE,1,7739.00,1,0,20170417,10:50:09
9999,******,ru1709,SHFE,1,14805.00,1,0,20170417,10:47:03
9999,******,ru1709,SHFE,1,14810.00,1,3,20170417,10:47:03
9999,******,l1709,DCE,4,8840.00,1,0,20170417,10:14:52
9999,******,l1709,DCE,4,8840.00,1,1,20170417,10:14:52
9999,******,pp1709,DCE,2,7750.00,1,0,20170417,10:12:57
9999,******,pp1709,DCE,1,7750.00,1,0,20170417,10:12:57
9999,******,pp1709,DCE,1,7750.00,1,0,20170417,10:12:57
9999,******,pp1709,DCE,1,7750.00,1,1,20170417,10:12:57
9999,******,pp1709,DCE,1,7750.00,1,1,20170417,10:12:57
9999,******,pp1709,DCE,2,7750.00,1,1,20170417,10:12:57
9999,******,rb1710,SHFE,4,2939.00,0,0,20170417,09:27:01
9999,******,rb1710,SHFE,2,2938.00,0,4,20170417,09:27:01
9999,******,rb1710,SHFE,1,2938.00,0,4,20170417,09:27:01
9999,******,rb1710,SHFE,1,2938.00,0,4,20170417,09:27:01
9999,******,ru1709,SHFE,1,15020.00,0,0,20170417,09:25:41
9999,******,ru1709,SHFE,1,15020.00,0,4,20170417,09:25:41
9999,******,pp1709,DCE,4,7828.00,0,0,20170417,09:22:01
9999,******,rb1710,SHFE,3,2922.00,0,0,20170417,09:18:30
9999,******,rb1710,SHFE,1,2922.00,0,0,20170417,09:18:30
9999,******,rb1710,SHFE,6,2922.00,0,0,20170417,09:18:30
9999,******,rb1710,SHFE,10,2922.00,0,4,20170417,09:18:30
9999,******,hc1710,SHFE,4,2970.00,0,0,20170417,09:15:44
9999,******,hc1710,SHFE,4,2970.00,0,4,20170417,09:15:44
9999,******,l1709,DCE,2,8885.00,0,0,20170417,09:06:01
9999,******,CF709,CZCE,2,15925.00,0,1,20170418,09:03:53
9999,******,a1709,DCE,1,3725.00,1,0,20170418,10:39:07
9999,******,a1709,DCE,1,3725.00,1,0,20170418,10:39:07
9999,******,a1709,DCE,1,3725.00,1,0,20170418,10:39:07
9999,******,a1709,DCE,1,3725.00,1,0,20170418,10:39:07
9999,******,a1709,DCE,2,3725.00,1,0,20170418,10:39:07
9999,******,a1709,DCE,2,3725.00,1,0,20170418,10:39:07
9999,******,a1709,DCE,1,3725.00,1,1,20170418,10:39:07
9999,******,a1709,DCE,1,3725.00,1,1,20170418,10:39:07
9999,******,a1709,DCE,1,3725.00,1,1,20170418,10:39:07
9999,******,a1709,DCE,1,3725.00,1,1,20170418,10:39:07
9999,******,a1709,DCE,1,3725.00,1,1,20170418,10:39:07
9999,******,a1709,DCE,1,3725.00,1,1,20170418,10:39:07
9999,******,a1709,DCE,1,3725.00,1,1,20170418,10:39:07
9999,******,a1709,DCE,1,3725.00,1,1,20170418,10:39:07
9999,******,rb1710,SHFE,4,2861.00,1,0,20170418,10:37:03
9999,******,rb1710,SHFE,4,2861.00,1,4,20170418,10:37:03
9999,******,l1709,DCE,2,8750.00,1,0,20170418,09:12:55
9999,******,hc1710,SHFE,2,2932.00,1,0,20170418,09:07:42
9999,******,hc1710,SHFE,2,2932.00,1,0,20170418,09:07:42
9999,******,hc1710,SHFE,4,2933.00,1,4,20170418,09:07:42
9999,******,rb1710,SHFE,4,2872.00,1,0,20170418,09:05:03
9999,******,rb1710,SHFE,5,2872.00,1,0,20170418,09:05:03
9999,******,rb1710,SHFE,1,2872.00,1,0,20170418,09:05:03
9999,******,rb1710,SHFE,10,2872.00,1,4,20170418,09:05:03
9999,******,CF709,CZCE,2,15925.00,0,0,20170418,09:03:53
9999,******,FG709,CZCE,1,1186.00,1,0,20170419,09:06:16
9999,******,IC1704,CFFEX,1,6354.00,0,1,20170419,14:50:00
9999,******,c1801,DCE,1,1659.00,1,0,20170419,10:00:26
9999,******,c1801,DCE,1,1659.00,1,0,20170419,10:00:26
9999,******,c1801,DCE,1,1659.00,1,0,20170419,10:00:25
9999,******,c1801,DCE,2,1659.00,1,0,20170419,10:00:25
9999,******,c1801,DCE,2,1659.00,1,0,20170419,10:00:24
9999,******,c1801,DCE,25,1659.00,1,0,20170419,10:00:24
9999,******,c1801,DCE,8,1659.00,1,0,20170419,10:00:24
9999,******,c1801,DCE,5,1659.00,1,0,20170419,10:00:24
9999,******,c1801,DCE,1,1659.00,1,0,20170419,10:00:24
9999,******,c1801,DCE,1,1659.00,1,0,20170419,10:00:24
9999,******,c1801,DCE,1,1659.00,1,0,20170419,10:00:24
9999,******,c1801,DCE,2,1659.00,1,0,20170419,10:00:24
9999,******,c1801,DCE,2,1659.00,1,0,20170419,10:00:24
9999,******,c1801,DCE,8,1659.00,1,0,20170419,10:00:24
9999,******,FG709,CZCE,1,1186.00,1,0,20170419,09:06:16
9999,******,FG709,CZCE,1,1186.00,1,0,20170419,09:06:16
9999,******,FG709,CZCE,1,1186.00,1,0,20170419,09:06:16
9999,******,i1709,DCE,12,483.50,0,1,20170420,09:18:52
9999,******,i1705,DCE,1,497.50,1,1,20170420,09:18:54
9999,******,i1709,DCE,1,483.50,0,1,20170420,09:18:54
9999,******,i1705,DCE,49,497.50,1,1,20170420,09:18:52
9999,******,i1709,DCE,6,483.50,0,1,20170420,09:18:52
9999,******,i1709,DCE,30,483.50,0,1,20170420,09:18:52
9999,******,i1709,DCE,1,483.50,0,1,20170420,09:18:52
9999,******,rb1710,SHFE,2,2939.00,0,4,20170421,09:13:15
9999,******,rb1710,SHFE,4,2966.00,0,0,20170421,13:56:46
9999,******,rb1710,SHFE,4,2966.00,0,4,20170421,13:56:46
9999,******,hc1710,SHFE,4,2990.00,0,0,20170421,13:32:00
9999,******,hc1710,SHFE,2,2990.00,0,4,20170421,13:32:00
9999,******,hc1710,SHFE,2,2990.00,0,4,20170421,13:32:00
9999,******,hc1710,SHFE,4,2985.00,0,0,20170421,13:30:50
9999,******,hc1710,SHFE,2,2985.00,0,4,20170421,13:30:50
9999,******,hc1710,SHFE,2,2984.00,0,4,20170421,13:30:50
9999,******,rb1710,SHFE,3,2939.00,0,0,20170421,09:13:15
9999,******,rb1710,SHFE,1,2939.00,0,0,20170421,09:13:15
9999,******,rb1710,SHFE,1,2939.00,0,4,20170421,09:13:15
9999,******,rb1710,SHFE,3,2939.00,0,4,20170421,09:13:15
9999,******,rb1710,SHFE,4,2939.00,0,0,20170421,09:13:15
9999,******,rb1710,SHFE,2,2939.00,0,0,20170421,09:13:15
9999,******,rb1710,SHFE,1,2939.00,0,0,20170421,09:13:15
9999,******,rb1710,SHFE,1,2939.00,0,0,20170421,09:13:15
9999,******,rb1710,SHFE,1,2939.00,0,0,20170421,09:13:15
9999,******,rb1710,SHFE,1,2939.00,0,0,20170421,09:13:15
9999,******,rb1710,SHFE,3,2939.00,0,4,20170421,09:13:15
9999,******,rb1710,SHFE,3,2939.00,0,4,20170421,09:13:15
9999,******,rb1710,SHFE,1,2939.00,0,4,20170421,09:13:15
9999,******,rb1710,SHFE,1,2939.00,0,4,20170421,09:13:15
9999,******,hc1710,SHFE,4,2894.00,1,4,20170424,09:05:00
9999,******,FG709,CZCE,4,1306.00,0,0,20170424,14:58:26
9999,******,FG709,CZCE,1,1306.00,0,1,20170424,14:58:26
9999,******,FG709,CZCE,1,1306.00,0,1,20170424,14:58:26
9999,******,FG709,CZCE,1,1306.00,0,1,20170424,14:58:26
9999,******,FG709,CZCE,1,1306.00,0,1,20170424,14:58:26
9999,******,ru1709,SHFE,1,14810.00,0,0,20170424,14:40:24
9999,******,ru1709,SHFE,1,14810.00,0,4,20170424,14:40:24
9999,******,rb1710,SHFE,10,2901.00,0,0,20170424,14:40:09
9999,******,rb1710,SHFE,10,2901.00,0,3,20170424,14:40:09
9999,******,hc1710,SHFE,4,2925.00,0,0,20170424,13:57:02
9999,******,hc1710,SHFE,4,2925.00,0,3,20170424,13:57:02
9999,******,IC1705,CFFEX,1,6216.20,1,0,20170424,09:35:02
9999,******,rb1710,SHFE,10,2872.00,1,0,20170424,09:05:01
9999,******,rb1710,SHFE,10,2872.00,1,4,20170424,09:05:01
9999,******,hc1710,SHFE,4,2894.00,1,0,20170424,09:05:00
9999,******,pp1709,DCE,4,7630.00,0,1,20170425,10:34:01
9999,******,pp1709,DCE,4,7630.00,0,0,20170425,10:34:01
9999,******,ru1709,SHFE,1,14380.00,1,4,20170427,09:59:41
9999,******,pp1709,DCE,1,7749.00,0,0,20170427,14:30:25
9999,******,pp1709,DCE,1,7749.00,0,0,20170427,14:30:25
9999,******,pp1709,DCE,2,7749.00,0,0,20170427,14:30:25
9999,******,pp1709,DCE,3,7748.00,0,1,20170427,14:30:25
9999,******,pp1709,DCE,1,7748.00,0,1,20170427,14:30:25
9999,******,ru1709,SHFE,1,14380.00,1,0,20170427,09:59:41
9999,******,l1709,DCE,4,8740.00,0,1,20170428,09:05:02
9999,******,bu1706,SHFE,4,2546.00,0,4,20170428,14:50:01
9999,******,rb1710,SHFE,3,3080.00,0,0,20170428,09:14:23
9999,******,rb1710,SHFE,3,3080.00,0,4,20170428,09:14:23
9999,******,hc1710,SHFE,3,3119.00,0,0,20170428,09:09:27
9999,******,hc1710,SHFE,2,3119.00,0,4,20170428,09:09:27
9999,******,hc1710,SHFE,1,3119.00,0,4,20170428,09:09:27
9999,******,l1709,DCE,4,8740.00,0,0,20170428,09:05:02
9999,******,l1709,DCE,3,8740.00,0,1,20170428,09:05:02
9999,******,l1709,DCE,1,8740.00,0,1,20170428,09:05:02
9999,******,l1709,DCE,1,8740.00,0,0,20170428,09:05:02
9999,******,l1709,DCE,3,8740.00,0,0,20170428,09:05:02
9999,******,i1709,DCE,4,533.50,0,1,20170502,09:00:00
9999,******,c1709,DCE,1,1650.00,0,0,20170502,11:24:56
9999,******,c1709,DCE,1,1650.00,0,0,20170502,11:24:56
9999,******,c1709,DCE,6,1650.00,0,0,20170502,11:24:56
9999,******,c1709,DCE,8,1650.00,0,1,20170502,11:24:56
9999,******,rb1710,SHFE,1,3135.00,1,0,20170502,10:35:54
9999,******,rb1710,SHFE,9,3135.00,1,0,20170502,10:35:54
9999,******,rb1710,SHFE,10,3135.00,1,4,20170502,10:35:54
9999,******,hc1710,SHFE,4,3169.00,1,0,20170502,09:57:05
9999,******,hc1710,SHFE,4,3169.00,1,4,20170502,09:57:05
9999,******,IC1705,CFFEX,1,6171.60,1,0,20170502,09:37:53
9999,******,IC1705,CFFEX,1,6171.60,1,0,20170502,09:37:53
9999,******,IC1705,CFFEX,1,6184.60,0,0,20170502,09:35:00
9999,******,IC1705,CFFEX,1,6184.60,0,1,20170502,09:35:00
9999,******,l1709,DCE,4,8870.00,0,0,20170502,09:19:44
9999,******,l1709,DCE,2,8870.00,0,1,20170502,09:19:44
9999,******,l1709,DCE,1,8870.00,0,1,20170502,09:19:44
9999,******,l1709,DCE,1,8870.00,0,1,20170502,09:19:44
9999,******,ru1709,SHFE,1,14925.00,0,0,20170502,09:06:01
9999,******,ru1709,SHFE,1,14925.00,0,4,20170502,09:06:01
9999,******,pp1709,DCE,4,7723.00,1,0,20170502,09:05:01
9999,******,pp1709,DCE,4,7723.00,1,1,20170502,09:05:01
9999,******,l1709,DCE,1,8790.00,1,0,20170502,09:05:00
9999,******,l1709,DCE,1,8790.00,1,0,20170502,09:05:00
9999,******,l1709,DCE,1,8790.00,1,0,20170502,09:05:00
9999,******,l1709,DCE,1,8790.00,1,0,20170502,09:05:00
9999,******,l1709,DCE,4,8790.00,1,1,20170502,09:05:00
9999,******,i1709,DCE,4,533.50,0,0,20170502,09:00:00
9999,******,IC1705,CFFEX,1,6189.00,0,1,20170503,09:44:17
9999,******,IC1705,CFFEX,1,6141.20,1,0,20170503,14:12:01
9999,******,IC1705,CFFEX,1,6141.20,1,1,20170503,14:12:01
9999,******,IC1705,CFFEX,1,6189.00,0,1,20170503,09:44:17
9999,******,pp1709,DCE,2,7649.00,1,1,20170504,09:05:00
9999,******,IC1705,CFFEX,1,6122.20,1,0,20170504,14:56:45
9999,******,IC1705,CFFEX,1,6123.00,1,0,20170504,14:56:44
9999,******,bu1709,SHFE,1,2494.00,1,0,20170504,14:39:17
9999,******,bu1709,SHFE,2,2494.00,1,0,20170504,14:39:17
9999,******,bu1709,SHFE,1,2494.00,1,0,20170504,14:39:17
9999,******,l1709,DCE,4,8655.00,1,0,20170504,14:29:03
9999,******,l1709,DCE,4,8655.00,1,1,20170504,14:29:03
9999,******,l1709,DCE,4,8660.00,1,0,20170504,14:27:52
9999,******,l1709,DCE,4,8660.00,1,1,20170504,14:27:52
9999,******,rb1710,SHFE,4,2995.00,1,0,20170504,13:51:48
9999,******,rb1710,SHFE,4,2995.00,1,4,20170504,13:51:48
9999,******,IC1705,CFFEX,1,6207.40,0,0,20170504,13:18:02
9999,******,IC1705,CFFEX,1,6207.00,0,1,20170504,13:18:02
9999,******,ru1709,SHFE,1,14230.00,1,0,20170504,09:36:28
9999,******,ru1709,SHFE,1,14230.00,1,4,20170504,09:36:28
9999,******,rb1710,SHFE,4,3002.00,1,0,20170504,09:09:03
9999,******,rb1710,SHFE,1,3002.00,1,4,20170504,09:09:03
9999,******,rb1710,SHFE,2,3002.00,1,4,20170504,09:09:03
9999,******,rb1710,SHFE,1,3002.00,1,4,20170504,09:09:03
9999,******,pp1709,DCE,4,7643.00,1,0,20170504,09:05:00
9999,******,hc1710,SHFE,4,2988.00,1,0,20170504,09:05:00
9999,******,hc1710,SHFE,3,2988.00,1,4,20170504,09:05:00
9999,******,hc1710,SHFE,1,2988.00,1,4,20170504,09:05:00
9999,******,pp1709,DCE,2,7643.00,1,1,20170504,09:05:00
9999,******,i1709,DCE,4,462.00,1,1,20170505,09:18:57
9999,******,i1709,DCE,4,462.00,1,0,20170505,09:18:57
9999,******,l1709,DCE,1,8875.00,0,1,20170508,09:05:00
9999,******,rb1710,SHFE,10,3025.00,0,0,20170508,14:00:09
9999,******,rb1710,SHFE,10,3025.00,0,3,20170508,14:00:09
9999,******,a1709,DCE,8,3856.00,0,0,20170508,13:43:50
9999,******,a1709,DCE,1,3856.00,0,1,20170508,13:43:50
9999,******,a1709,DCE,7,3856.00,0,1,20170508,13:43:50
9999,******,l1709,DCE,4,8815.00,1,0,20170508,09:12:31
9999,******,l1709,DCE,4,8815.00,1,1,20170508,09:12:31
9999,******,ru1709,SHFE,1,13840.00,1,0,20170508,09:10:00
9999,******,ru1709,SHFE,1,13840.00,1,3,20170508,09:10:00
9999,******,rb1710,SHFE,8,3005.00,1,0,20170508,09:09:24
9999,******,rb1710,SHFE,1,3005.00,1,0,20170508,09:09:24
9999,******,rb1710,SHFE,1,3005.00,1,0,20170508,09:09:24
9999,******,rb1710,SHFE,10,3005.00,1,3,20170508,09:09:24
9999,******,ru1709,SHFE,1,13930.00,0,0,20170508,09:05:14
9999,******,ru1709,SHFE,1,13930.00,0,4,20170508,09:05:14
9999,******,rb1710,SHFE,10,3024.00,0,0,20170508,09:05:00
9999,******,rb1710,SHFE,10,3024.00,0,4,20170508,09:05:00
9999,******,l1709,DCE,1,8875.00,0,0,20170508,09:05:00
9999,******,l1709,DCE,1,8875.00,0,0,20170508,09:05:00
9999,******,l1709,DCE,1,8875.00,0,0,20170508,09:05:00
9999,******,l1709,DCE,1,8875.00,0,0,20170508,09:05:00
9999,******,l1709,DCE,1,8875.00,0,1,20170508,09:05:00
9999,******,l1709,DCE,1,8875.00,0,1,20170508,09:05:00
9999,******,l1709,DCE,1,8875.00,0,1,20170508,09:05:00
9999,******,rb1710,SHFE,4,3058.00,0,4,20170510,09:43:12
9999,******,CF709,CZCE,2,15455.00,1,0,20170510,13:57:32
9999,******,CF709,CZCE,2,15455.00,1,1,20170510,13:57:32
9999,******,rb1710,SHFE,2,3058.00,0,0,20170510,09:43:12
9999,******,rb1710,SHFE,1,3058.00,0,0,20170510,09:43:12
9999,******,rb1710,SHFE,1,3058.00,0,0,20170510,09:43:12
9999,******,rb1710,SHFE,4,2979.00,1,4,20170512,13:33:34
9999,******,RM709,CZCE,4,2389.00,1,0,20170512,14:34:37
9999,******,RM709,CZCE,1,2389.00,1,1,20170512,14:34:37
9999,******,RM709,CZCE,1,2389.00,1,1,20170512,14:34:37
9999,******,RM709,CZCE,1,2389.00,1,1,20170512,14:34:37
9999,******,RM709,CZCE,1,2389.00,1,1,20170512,14:34:37
9999,******,rb1710,SHFE,4,2979.00,1,0,20170512,13:33:34
9999,******,CF709,CZCE,1,16220.00,0,1,20170515,09:00:01
9999,******,pp1709,DCE,4,7628.00,0,0,20170515,11:22:56
9999,******,pp1709,DCE,1,7628.00,0,1,20170515,11:22:56
9999,******,pp1709,DCE,3,7628.00,0,1,20170515,11:22:56
9999,******,pp1709,DCE,4,7628.00,0,0,20170515,11:22:56
9999,******,pp1709,DCE,1,7628.00,0,1,20170515,11:22:56
9999,******,pp1709,DCE,2,7628.00,0,1,20170515,11:22:56
9999,******,pp1709,DCE,1,7628.00,0,1,20170515,11:22:56
9999,******,l1709,DCE,4,8890.00,0,0,20170515,11:20:46
9999,******,l1709,DCE,4,8890.00,0,1,20170515,11:20:46
9999,******,rb1710,SHFE,4,2981.00,1,0,20170515,11:16:35
9999,******,rb1710,SHFE,1,2981.00,1,0,20170515,11:16:35
9999,******,rb1710,SHFE,1,2981.00,1,0,20170515,11:16:35
9999,******,rb1710,SHFE,4,2981.00,1,0,20170515,11:16:35
9999,******,rb1710,SHFE,10,2981.00,1,4,20170515,11:16:35
9999,******,IC1705,CFFEX,2,5899.80,0,1,20170515,09:35:00
9999,******,l1709,DCE,4,8850.00,1,0,20170515,09:10:39
9999,******,l1709,DCE,4,8850.00,1,1,20170515,09:10:39
9999,******,l1709,DCE,4,8895.00,0,0,20170515,09:05:01
9999,******,l1709,DCE,4,8895.00,0,1,20170515,09:05:01
9999,******,l1709,DCE,4,8895.00,0,0,20170515,09:05:00
9999,******,l1709,DCE,4,8895.00,0,1,20170515,09:05:00
9999,******,ru1709,SHFE,1,13790.00,0,0,20170515,09:05:00
9999,******,ru1709,SHFE,1,13785.00,0,4,20170515,09:05:00
9999,******,m1709,DCE,1,2788.00,1,0,20170515,09:00:46
9999,******,m1709,DCE,3,2788.00,1,0,20170515,09:00:46
9999,******,m1709,DCE,2,2788.00,1,1,20170515,09:00:46
9999,******,m1709,DCE,1,2788.00,1,1,20170515,09:00:46
9999,******,m1709,DCE,1,2788.00,1,1,20170515,09:00:46
9999,******,CF709,CZCE,2,16220.00,0,0,20170515,09:00:01
9999,******,CF709,CZCE,1,16220.00,0,1,20170515,09:00:01
9999,******,l1709,DCE,1,9060.00,0,1,20170516,09:13:13
9999,******,IC1705,CFFEX,1,5915.00,0,0,20170516,13:00:01
9999,******,IC1705,CFFEX,1,5914.80,0,0,20170516,13:00:01
9999,******,IC1705,CFFEX,1,5830.00,1,0,20170516,09:35:06
9999,******,IC1705,CFFEX,1,5830.00,1,1,20170516,09:35:06
9999,******,l1709,DCE,2,9060.00,0,0,20170516,09:13:13
9999,******,l1709,DCE,1,9060.00,0,1,20170516,09:13:13
9999,******,hc1710,SHFE,3,2992.00,0,4,20170517,09:05:01
9999,******,IC1705,CFFEX,1,6019.80,1,1,20170517,14:50:00
9999,******,cs1709,DCE,30,1937.00,1,1,20170517,11:21:19
9999,******,SR709,CZCE,1,6730.00,0,1,20170517,11:19:19
9999,******,SR709,CZCE,2,6730.00,0,1,20170517,11:19:19
9999,******,SR709,CZCE,1,6730.00,0,1,20170517,11:19:19
9999,******,SR709,CZCE,1,6730.00,0,1,20170517,11:19:19
9999,******,SR709,CZCE,4,6730.00,0,1,20170517,11:19:19
9999,******,SR709,CZCE,1,6730.00,0,1,20170517,11:19:19
9999,******,rb1710,SHFE,4,3081.00,0,0,20170517,10:14:28
9999,******,rb1710,SHFE,4,3082.00,0,4,20170517,10:14:28
9999,******,rb1710,SHFE,4,3074.00,0,0,20170517,09:26:44
9999,******,rb1710,SHFE,4,3074.00,0,4,20170517,09:26:44
9999,******,rb1710,SHFE,10,3062.00,0,0,20170517,09:15:11
9999,******,rb1710,SHFE,1,3062.00,0,4,20170517,09:15:11
9999,******,rb1710,SHFE,1,3062.00,0,4,20170517,09:15:11
9999,******,rb1710,SHFE,1,3062.00,0,4,20170517,09:15:11
9999,******,rb1710,SHFE,1,3062.00,0,4,20170517,09:15:11
9999,******,rb1710,SHFE,1,3062.00,0,4,20170517,09:15:11
9999,******,rb1710,SHFE,1,3062.00,0,4,20170517,09:15:11
9999,******,rb1710,SHFE,1,3062.00,0,4,20170517,09:15:11
9999,******,rb1710,SHFE,1,3062.00,0,4,20170517,09:15:11
9999,******,rb1710,SHFE,2,3062.00,0,4,20170517,09:15:11
9999,******,hc1710,SHFE,4,2993.00,0,0,20170517,09:05:01
9999,******,hc1710,SHFE,1,2992.00,0,4,20170517,09:05:01
9999,******,hc1710,SHFE,3,2992.00,0,4,20170517,09:05:01
9999,******,hc1710,SHFE,4,2992.00,0,0,20170517,09:05:01
9999,******,hc1710,SHFE,1,2992.00,0,4,20170517,09:05:01
9999,******,ru1709,SHFE,1,13530.00,1,4,20170518,09:05:03
9999,******,IC1705,CFFEX,1,5980.80,1,1,20170518,09:29:00
9999,******,IC1705,CFFEX,1,5980.80,0,1,20170518,09:29:00
9999,******,ru1709,SHFE,1,13530.00,1,0,20170518,09:05:03
9999,******,pp1709,DCE,2,7935.00,0,1,20170519,09:00:00
9999,******,a1709,DCE,8,3752.00,1,0,20170519,09:00:03
9999,******,a1709,DCE,6,3752.00,1,1,20170519,09:00:03
9999,******,a1709,DCE,2,3752.00,1,1,20170519,09:00:03
9999,******,pp1709,DCE,2,7935.00,0,0,20170519,09:00:00
9999,******,l1709,DCE,2,9345.00,1,1,20170522,09:05:01
9999,******,rb1710,SHFE,10,3318.00,1,0,20170522,11:23:56
9999,******,rb1710,SHFE,7,3319.00,1,4,20170522,11:23:56
9999,******,rb1710,SHFE,1,3319.00,1,4,20170522,11:23:56
9999,******,rb1710,SHFE,1,3319.00,1,4,20170522,11:23:56
9999,******,rb1710,SHFE,1,3319.00,1,4,20170522,11:23:56
9999,******,IC1706,CFFEX,2,5876.00,1,0,20170522,11:04:37
9999,******,ru1709,SHFE,1,14075.00,1,0,20170522,10:47:42
9999,******,ru1709,SHFE,1,14075.00,1,3,20170522,10:47:42
9999,******,IC1706,CFFEX,1,5925.00,0,0,20170522,09:43:32
9999,******,IC1706,CFFEX,1,5924.60,0,0,20170522,09:43:32
9999,******,IC1706,CFFEX,1,5902.40,1,0,20170522,09:35:02
9999,******,c1709,DCE,8,1617.00,1,0,20170522,09:26:19
9999,******,c1709,DCE,4,1617.00,1,1,20170522,09:26:19
9999,******,c1709,DCE,4,1617.00,1,1,20170522,09:26:19
9999,******,ru1709,SHFE,1,14230.00,0,0,20170522,09:10:50
9999,******,ru1709,SHFE,1,14230.00,0,4,20170522,09:10:50
9999,******,pp1709,DCE,3,8100.00,1,0,20170522,09:05:16
9999,******,pp1709,DCE,1,8100.00,1,0,20170522,09:05:16
9999,******,pp1709,DCE,4,8100.00,1,1,20170522,09:05:16
9999,******,l1709,DCE,4,9340.00,1,0,20170522,09:05:01
9999,******,l1709,DCE,1,9345.00,1,1,20170522,09:05:01
9999,******,l1709,DCE,1,9345.00,1,1,20170522,09:05:01
9999,******,hc1710,SHFE,4,3154.00,1,4,20170523,09:06:53
9999,******,ru1709,SHFE,1,14285.00,0,0,20170523,09:36:14
9999,******,ru1709,SHFE,1,14285.00,0,4,20170523,09:36:14
9999,******,hc1710,SHFE,1,3153.00,1,0,20170523,09:06:53
9999,******,hc1710,SHFE,2,3153.00,1,0,20170523,09:06:53
9999,******,hc1710,SHFE,1,3153.00,1,0,20170523,09:06:53
9999,******,rb1710,SHFE,4,3268.00,1,4,20170524,10:12:05
9999,******,a1709,DCE,5,3875.00,0,0,20170524,13:54:21
9999,******,a1709,DCE,1,3875.00,0,0,20170524,13:54:21
9999,******,a1709,DCE,1,3875.00,0,0,20170524,13:54:21
9999,******,a1709,DCE,1,3875.00,0,0,20170524,13:54:21
9999,******,a1709,DCE,1,3875.00,0,1,20170524,13:54:21
9999,******,a1709,DCE,5,3875.00,0,1,20170524,13:54:21
9999,******,a1709,DCE,1,3875.00,0,1,20170524,13:54:21
9999,******,a1709,DCE,1,3875.00,0,1,20170524,13:54:21
9999,******,ru1709,SHFE,1,13745.00,1,0,20170524,11:08:48
9999,******,ru1709,SHFE,1,13750.00,1,4,20170524,11:08:48
9999,******,l1709,DCE,4,9155.00,1,0,20170524,11:00:00
9999,******,l1709,DCE,4,9155.00,1,1,20170524,11:00:00
9999,******,rb1710,SHFE,4,3268.00,1,0,20170524,10:12:05
9999,******,rb1710,SHFE,1,3293.00,0,4,20170525,11:00:01
9999,******,pp1709,DCE,4,8177.00,0,0,20170525,13:57:56
9999,******,pp1709,DCE,4,8176.00,0,1,20170525,13:57:56
9999,******,rb1710,SHFE,1,3294.00,0,0,20170525,11:00:01
9999,******,rb1710,SHFE,1,3294.00,0,0,20170525,11:00:01
9999,******,rb1710,SHFE,1,3294.00,0,0,20170525,11:00:01
9999,******,rb1710,SHFE,1,3294.00,0,0,20170525,11:00:01
9999,******,rb1710,SHFE,2,3293.00,0,4,20170525,11:00:01
9999,******,rb1710,SHFE,1,3293.00,0,4,20170525,11:00:01
9999,******,rb1710,SHFE,4,3203.00,1,4,20170526,09:05:00
9999,******,hc1710,SHFE,3,3092.00,1,0,20170526,09:45:08
9999,******,hc1710,SHFE,1,3092.00,1,0,20170526,09:45:08
9999,******,hc1710,SHFE,4,3092.00,1,4,20170526,09:45:08
9999,******,rb1710,SHFE,4,3203.00,1,0,20170526,09:05:00
9999,******,l1709,DCE,4,9200.00,0,1,20170531,09:05:00
9999,******,l1709,DCE,4,9095.00,1,0,20170531,14:19:27
9999,******,l1709,DCE,4,9095.00,1,1,20170531,14:19:27
9999,******,a1709,DCE,6,3746.00,1,0,20170531,13:47:05
9999,******,a1709,DCE,1,3746.00,1,0,20170531,13:47:05
9999,******,a1709,DCE,1,3746.00,1,0,20170531,13:47:05
9999,******,a1709,DCE,1,3746.00,1,1,20170531,13:47:05
9999,******,a1709,DCE,1,3746.00,1,1,20170531,13:47:05
9999,******,a1709,DCE,1,3746.00,1,1,20170531,13:47:05
9999,******,a1709,DCE,1,3746.00,1,1,20170531,13:47:05
9999,******,a1709,DCE,1,3746.00,1,1,20170531,13:47:05
9999,******,a1709,DCE,1,3746.00,1,1,20170531,13:47:05
9999,******,a1709,DCE,1,3746.00,1,1,20170531,13:47:05
9999,******,a1709,DCE,1,3746.00,1,1,20170531,13:47:05
9999,******,l1709,DCE,4,9230.00,0,0,20170531,11:15:05
9999,******,l1709,DCE,4,9230.00,0,1,20170531,11:15:05
9999,******,pp1709,DCE,4,7902.00,1,0,20170531,10:35:50
9999,******,pp1709,DCE,1,7902.00,1,1,20170531,10:35:50
9999,******,pp1709,DCE,3,7904.00,1,1,20170531,10:35:50
9999,******,ru1709,SHFE,1,13275.00,1,0,20170531,10:12:55
9999,******,ru1709,SHFE,1,13275.00,1,3,20170531,10:12:55
9999,******,rb1710,SHFE,4,3222.00,1,0,20170531,09:28:37
9999,******,rb1710,SHFE,4,3222.00,1,4,20170531,09:28:37
9999,******,hc1710,SHFE,4,3118.00,1,0,20170531,09:19:11
9999,******,hc1710,SHFE,4,3118.00,1,3,20170531,09:19:11
9999,******,rb1710,SHFE,7,3223.00,1,0,20170531,09:19:07
9999,******,rb1710,SHFE,3,3223.00,1,0,20170531,09:19:07
9999,******,rb1710,SHFE,2,3223.00,1,3,20170531,09:19:07
9999,******,rb1710,SHFE,8,3223.00,1,3,20170531,09:19:07
9999,******,l1709,DCE,4,9150.00,1,0,20170531,09:18:10
9999,******,l1709,DCE,4,9150.00,1,1,20170531,09:18:10
9999,******,pp1709,DCE,4,8030.00,1,0,20170531,09:16:04
9999,******,pp1709,DCE,1,8030.00,1,1,20170531,09:16:04
9999,******,pp1709,DCE,3,8030.00,1,1,20170531,09:16:04
9999,******,rb1710,SHFE,10,3257.00,0,0,20170531,09:07:25
9999,******,rb1710,SHFE,10,3257.00,0,4,20170531,09:07:25
9999,******,hc1710,SHFE,4,3146.00,0,0,20170531,09:06:18
9999,******,hc1710,SHFE,1,3145.00,0,4,20170531,09:06:18
9999,******,hc1710,SHFE,3,3145.00,0,4,20170531,09:06:18
9999,******,ru1709,SHFE,1,13560.00,0,0,20170531,09:05:01
9999,******,ru1709,SHFE,1,13560.00,0,4,20170531,09:05:01
9999,******,l1709,DCE,1,9200.00,0,0,20170531,09:05:00
9999,******,l1709,DCE,3,9200.00,0,0,20170531,09:05:00
9999,******,l1709,DCE,4,9230.00,0,1,20170601,13:54:47
9999,******,CF709,CZCE,2,15385.00,1,0,20170601,14:06:53
9999,******,CF709,CZCE,1,15385.00,1,1,20170601,14:06:53
9999,******,CF709,CZCE,1,15385.00,1,1,20170601,14:06:53
9999,******,l1709,DCE,4,9230.00,0,0,20170601,13:54:47
9999,******,l1709,DCE,4,8990.00,1,1,20170602,14:00:00
9999,******,l1709,DCE,4,8985.00,1,0,20170602,14:00:00
